name,date,dollar_ratio
Austria,2000-04-01,-0.05147410340543823
Austria,2001-04-01,-0.10960629892767326
Austria,2002-04-01,-0.0456626509268836
Austria,2003-04-01,0.1000000001100001
Austria,2004-05-01,0.13379310390179322
Austria,2005-06-01,0.1709581693563038
Austria,2006-01-01,0.11549999986056192
Austria,2006-05-01,0.21513435388643853
Austria,2007-01-01,0.1829847818818695
Austria,2007-06-01,0.22196186180123156
Austria,2008-06-01,0.4965559070037733
Austria,2009-07-01,0.29331064357470615
Austria,2010-01-01,0.3530569823976759
Austria,2010-07-01,0.160497453668748
Austria,2011-07-01,0.21239897561285104
Austria,2012-01-01,0.055628433735742
Austria,2012-07-01,0.003913273936709594
Austria,2013-01-01,0.1169198568542642
Austria,2013-07-01,0.02254385154161409
Austria,2014-01-01,0.07302437222400404
Austria,2014-07-01,0.03306412303209805
Austria,2015-01-01,-0.10984718122301673
Austria,2015-07-01,-0.1536732780219916
Austria,2016-01-01,-0.1888438132657504
Austria,2016-07-01,-0.16554980195433533
Austria,2017-01-01,-0.19727707471366795
Austria,2017-07-01,-0.1575425471966433
Austria,2018-01-01,-0.08413115580973485
Austria,2018-07-01,-0.14063847549909247
Austria,2019-01-01,-0.16811693548387097
Austria,2019-07-09,-0.20344041811846691
Austria,2020-01-14,-0.1918768959435626
Austria,2020-07-01,-0.16179711033274957
Belgium,2000-04-01,-0.05147410340543823
Belgium,2001-04-01,-0.10960629892767326
Belgium,2002-04-01,-0.0456626509268836
Belgium,2003-04-01,0.1000000001100001
Belgium,2004-05-01,0.13379310390179322
Belgium,2005-06-01,0.1709581693563038
Belgium,2006-01-01,0.11549999986056192
Belgium,2006-05-01,0.21513435388643853
Belgium,2007-01-01,0.1829847818818695
Belgium,2007-06-01,0.22196186180123156
Belgium,2008-06-01,0.4965559070037733
Belgium,2009-07-01,0.29331064357470615
Belgium,2010-01-01,0.3530569823976759
Belgium,2010-07-01,0.160497453668748
Belgium,2011-07-01,0.21239897561285104
Belgium,2012-01-01,0.055628433735742
Belgium,2012-07-01,0.003913273936709594
Belgium,2013-01-01,0.1169198568542642
Belgium,2013-07-01,0.02254385154161409
Belgium,2014-01-01,0.07302437222400404
Belgium,2014-07-01,0.03306412303209805
Belgium,2015-01-01,-0.10984718122301673
Belgium,2015-07-01,-0.1536732780219916
Belgium,2016-01-01,-0.1888438132657504
Belgium,2016-07-01,-0.16554980195433533
Belgium,2017-01-01,-0.19727707471366795
Belgium,2017-07-01,-0.1575425471966433
Belgium,2018-01-01,-0.08413115580973485
Belgium,2018-07-01,-0.14063847549909247
Belgium,2019-01-01,-0.16811693548387097
Belgium,2019-07-09,-0.20344041811846691
Belgium,2020-01-14,-0.1918768959435626
Belgium,2020-07-01,-0.16179711033274957
Cyprus,2000-04-01,-0.05147410340543823
Cyprus,2001-04-01,-0.10960629892767326
Cyprus,2002-04-01,-0.0456626509268836
Cyprus,2003-04-01,0.1000000001100001
Cyprus,2004-05-01,0.13379310390179322
Cyprus,2005-06-01,0.1709581693563038
Cyprus,2006-01-01,0.11549999986056192
Cyprus,2006-05-01,0.21513435388643853
Cyprus,2007-01-01,0.1829847818818695
Cyprus,2007-06-01,0.22196186180123156
Cyprus,2008-06-01,0.4965559070037733
Cyprus,2009-07-01,0.29331064357470615
Cyprus,2010-01-01,0.3530569823976759
Cyprus,2010-07-01,0.160497453668748
Cyprus,2011-07-01,0.21239897561285104
Cyprus,2012-01-01,0.055628433735742
Cyprus,2012-07-01,0.003913273936709594
Cyprus,2013-01-01,0.1169198568542642
Cyprus,2013-07-01,0.02254385154161409
Cyprus,2014-01-01,0.07302437222400404
Cyprus,2014-07-01,0.03306412303209805
Cyprus,2015-01-01,-0.10984718122301673
Cyprus,2015-07-01,-0.1536732780219916
Cyprus,2016-01-01,-0.1888438132657504
Cyprus,2016-07-01,-0.16554980195433533
Cyprus,2017-01-01,-0.19727707471366795
Cyprus,2017-07-01,-0.1575425471966433
Cyprus,2018-01-01,-0.08413115580973485
Cyprus,2018-07-01,-0.14063847549909247
Cyprus,2019-01-01,-0.16811693548387097
Cyprus,2019-07-09,-0.20344041811846691
Cyprus,2020-01-14,-0.1918768959435626
Cyprus,2020-07-01,-0.16179711033274957
Estonia,2000-04-01,-0.05147410340543823
Estonia,2001-04-01,-0.10960629892767326
Estonia,2002-04-01,-0.0456626509268836
Estonia,2003-04-01,0.1000000001100001
Estonia,2004-05-01,0.13379310390179322
Estonia,2005-06-01,0.1709581693563038
Estonia,2006-01-01,0.11549999986056192
Estonia,2006-05-01,0.21513435388643853
Estonia,2007-01-01,0.1829847818818695
Estonia,2007-06-01,0.22196186180123156
Estonia,2008-06-01,0.4965559070037733
Estonia,2009-07-01,0.29331064357470615
Estonia,2010-01-01,0.3530569823976759
Estonia,2010-07-01,0.160497453668748
Estonia,2011-07-01,0.21239897561285104
Estonia,2012-01-01,0.055628433735742
Estonia,2012-07-01,0.003913273936709594
Estonia,2013-01-01,0.1169198568542642
Estonia,2013-07-01,0.02254385154161409
Estonia,2014-01-01,0.07302437222400404
Estonia,2014-07-01,0.03306412303209805
Estonia,2015-01-01,-0.10984718122301673
Estonia,2015-07-01,-0.1536732780219916
Estonia,2016-01-01,-0.1888438132657504
Estonia,2016-07-01,-0.16554980195433533
Estonia,2017-01-01,-0.19727707471366795
Estonia,2017-07-01,-0.1575425471966433
Estonia,2018-01-01,-0.08413115580973485
Estonia,2018-07-01,-0.14063847549909247
Estonia,2019-01-01,-0.16811693548387097
Estonia,2019-07-09,-0.20344041811846691
Estonia,2020-01-14,-0.1918768959435626
Estonia,2020-07-01,-0.16179711033274957
Finland,2000-04-01,-0.05147410340543823
Finland,2001-04-01,-0.10960629892767326
Finland,2002-04-01,-0.0456626509268836
Finland,2003-04-01,0.1000000001100001
Finland,2004-05-01,0.13379310390179322
Finland,2005-06-01,0.1709581693563038
Finland,2006-01-01,0.11549999986056192
Finland,2006-05-01,0.21513435388643853
Finland,2007-01-01,0.1829847818818695
Finland,2007-06-01,0.22196186180123156
Finland,2008-06-01,0.4965559070037733
Finland,2009-07-01,0.29331064357470615
Finland,2010-01-01,0.3530569823976759
Finland,2010-07-01,0.160497453668748
Finland,2011-07-01,0.21239897561285104
Finland,2012-01-01,0.055628433735742
Finland,2012-07-01,0.003913273936709594
Finland,2013-01-01,0.1169198568542642
Finland,2013-07-01,0.02254385154161409
Finland,2014-01-01,0.07302437222400404
Finland,2014-07-01,0.03306412303209805
Finland,2015-01-01,-0.10984718122301673
Finland,2015-07-01,-0.1536732780219916
Finland,2016-01-01,-0.1888438132657504
Finland,2016-07-01,-0.16554980195433533
Finland,2017-01-01,-0.19727707471366795
Finland,2017-07-01,-0.1575425471966433
Finland,2018-01-01,-0.08413115580973485
Finland,2018-07-01,-0.14063847549909247
Finland,2019-01-01,-0.16811693548387097
Finland,2019-07-09,-0.20344041811846691
Finland,2020-01-14,-0.1918768959435626
Finland,2020-07-01,-0.16179711033274957
France,2000-04-01,-0.05147410340543823
France,2001-04-01,-0.10960629892767326
France,2002-04-01,-0.0456626509268836
France,2003-04-01,0.1000000001100001
France,2004-05-01,0.13379310390179322
France,2005-06-01,0.1709581693563038
France,2006-01-01,0.11549999986056192
France,2006-05-01,0.21513435388643853
France,2007-01-01,0.1829847818818695
France,2007-06-01,0.22196186180123156
France,2008-06-01,0.4965559070037733
France,2009-07-01,0.29331064357470615
France,2010-01-01,0.3530569823976759
France,2010-07-01,0.160497453668748
France,2011-07-01,0.21239897561285104
France,2012-01-01,0.055628433735742
France,2012-07-01,0.003913273936709594
France,2013-01-01,0.1169198568542642
France,2013-07-01,0.02254385154161409
France,2014-01-01,0.07302437222400404
France,2014-07-01,0.03306412303209805
France,2015-01-01,-0.10984718122301673
France,2015-07-01,-0.1536732780219916
France,2016-01-01,-0.1888438132657504
France,2016-07-01,-0.16554980195433533
France,2017-01-01,-0.19727707471366795
France,2017-07-01,-0.1575425471966433
France,2018-01-01,-0.08413115580973485
France,2018-07-01,-0.14063847549909247
France,2019-01-01,-0.16811693548387097
France,2019-07-09,-0.20344041811846691
France,2020-01-14,-0.1918768959435626
France,2020-07-01,-0.16179711033274957
Germany,2000-04-01,-0.05147410340543823
Germany,2001-04-01,-0.10960629892767326
Germany,2002-04-01,-0.0456626509268836
Germany,2003-04-01,0.1000000001100001
Germany,2004-05-01,0.13379310390179322
Germany,2005-06-01,0.1709581693563038
Germany,2006-01-01,0.11549999986056192
Germany,2006-05-01,0.21513435388643853
Germany,2007-01-01,0.1829847818818695
Germany,2007-06-01,0.22196186180123156
Germany,2008-06-01,0.4965559070037733
Germany,2009-07-01,0.29331064357470615
Germany,2010-01-01,0.3530569823976759
Germany,2010-07-01,0.160497453668748
Germany,2011-07-01,0.21239897561285104
Germany,2012-01-01,0.055628433735742
Germany,2012-07-01,0.003913273936709594
Germany,2013-01-01,0.1169198568542642
Germany,2013-07-01,0.02254385154161409
Germany,2014-01-01,0.07302437222400404
Germany,2014-07-01,0.03306412303209805
Germany,2015-01-01,-0.10984718122301673
Germany,2015-07-01,-0.1536732780219916
Germany,2016-01-01,-0.1888438132657504
Germany,2016-07-01,-0.16554980195433533
Germany,2017-01-01,-0.19727707471366795
Germany,2017-07-01,-0.1575425471966433
Germany,2018-01-01,-0.08413115580973485
Germany,2018-07-01,-0.14063847549909247
Germany,2019-01-01,-0.16811693548387097
Germany,2019-07-09,-0.20344041811846691
Germany,2020-01-14,-0.1918768959435626
Germany,2020-07-01,-0.16179711033274957
Greece,2000-04-01,-0.05147410340543823
Greece,2001-04-01,-0.10960629892767326
Greece,2002-04-01,-0.0456626509268836
Greece,2003-04-01,0.1000000001100001
Greece,2004-05-01,0.13379310390179322
Greece,2005-06-01,0.1709581693563038
Greece,2006-01-01,0.11549999986056192
Greece,2006-05-01,0.21513435388643853
Greece,2007-01-01,0.1829847818818695
Greece,2007-06-01,0.22196186180123156
Greece,2008-06-01,0.4965559070037733
Greece,2009-07-01,0.29331064357470615
Greece,2010-01-01,0.3530569823976759
Greece,2010-07-01,0.160497453668748
Greece,2011-07-01,0.21239897561285104
Greece,2012-01-01,0.055628433735742
Greece,2012-07-01,0.003913273936709594
Greece,2013-01-01,0.1169198568542642
Greece,2013-07-01,0.02254385154161409
Greece,2014-01-01,0.07302437222400404
Greece,2014-07-01,0.03306412303209805
Greece,2015-01-01,-0.10984718122301673
Greece,2015-07-01,-0.1536732780219916
Greece,2016-01-01,-0.1888438132657504
Greece,2016-07-01,-0.16554980195433533
Greece,2017-01-01,-0.19727707471366795
Greece,2017-07-01,-0.1575425471966433
Greece,2018-01-01,-0.08413115580973485
Greece,2018-07-01,-0.14063847549909247
Greece,2019-01-01,-0.16811693548387097
Greece,2019-07-09,-0.20344041811846691
Greece,2020-01-14,-0.1918768959435626
Greece,2020-07-01,-0.16179711033274957
Ireland,2000-04-01,-0.05147410340543823
Ireland,2001-04-01,-0.10960629892767326
Ireland,2002-04-01,-0.0456626509268836
Ireland,2003-04-01,0.1000000001100001
Ireland,2004-05-01,0.13379310390179322
Ireland,2005-06-01,0.1709581693563038
Ireland,2006-01-01,0.11549999986056192
Ireland,2006-05-01,0.21513435388643853
Ireland,2007-01-01,0.1829847818818695
Ireland,2007-06-01,0.22196186180123156
Ireland,2008-06-01,0.4965559070037733
Ireland,2009-07-01,0.29331064357470615
Ireland,2010-01-01,0.3530569823976759
Ireland,2010-07-01,0.160497453668748
Ireland,2011-07-01,0.21239897561285104
Ireland,2012-01-01,0.055628433735742
Ireland,2012-07-01,0.003913273936709594
Ireland,2013-01-01,0.1169198568542642
Ireland,2013-07-01,0.02254385154161409
Ireland,2014-01-01,0.07302437222400404
Ireland,2014-07-01,0.03306412303209805
Ireland,2015-01-01,-0.10984718122301673
Ireland,2015-07-01,-0.1536732780219916
Ireland,2016-01-01,-0.1888438132657504
Ireland,2016-07-01,-0.16554980195433533
Ireland,2017-01-01,-0.19727707471366795
Ireland,2017-07-01,-0.1575425471966433
Ireland,2018-01-01,-0.08413115580973485
Ireland,2018-07-01,-0.14063847549909247
Ireland,2019-01-01,-0.16811693548387097
Ireland,2019-07-09,-0.20344041811846691
Ireland,2020-01-14,-0.1918768959435626
Ireland,2020-07-01,-0.16179711033274957
Italy,2000-04-01,-0.05147410340543823
Italy,2001-04-01,-0.10960629892767326
Italy,2002-04-01,-0.0456626509268836
Italy,2003-04-01,0.1000000001100001
Italy,2004-05-01,0.13379310390179322
Italy,2005-06-01,0.1709581693563038
Italy,2006-01-01,0.11549999986056192
Italy,2006-05-01,0.21513435388643853
Italy,2007-01-01,0.1829847818818695
Italy,2007-06-01,0.22196186180123156
Italy,2008-06-01,0.4965559070037733
Italy,2009-07-01,0.29331064357470615
Italy,2010-01-01,0.3530569823976759
Italy,2010-07-01,0.160497453668748
Italy,2011-07-01,0.21239897561285104
Italy,2012-01-01,0.055628433735742
Italy,2012-07-01,0.003913273936709594
Italy,2013-01-01,0.1169198568542642
Italy,2013-07-01,0.02254385154161409
Italy,2014-01-01,0.07302437222400404
Italy,2014-07-01,0.03306412303209805
Italy,2015-01-01,-0.10984718122301673
Italy,2015-07-01,-0.1536732780219916
Italy,2016-01-01,-0.1888438132657504
Italy,2016-07-01,-0.16554980195433533
Italy,2017-01-01,-0.19727707471366795
Italy,2017-07-01,-0.1575425471966433
Italy,2018-01-01,-0.08413115580973485
Italy,2018-07-01,-0.14063847549909247
Italy,2019-01-01,-0.16811693548387097
Italy,2019-07-09,-0.20344041811846691
Italy,2020-01-14,-0.1918768959435626
Italy,2020-07-01,-0.16179711033274957
Latvia,2000-04-01,-0.05147410340543823
Latvia,2001-04-01,-0.10960629892767326
Latvia,2002-04-01,-0.0456626509268836
Latvia,2003-04-01,0.1000000001100001
Latvia,2004-05-01,0.13379310390179322
Latvia,2005-06-01,0.1709581693563038
Latvia,2006-01-01,0.11549999986056192
Latvia,2006-05-01,0.21513435388643853
Latvia,2007-01-01,0.1829847818818695
Latvia,2007-06-01,0.22196186180123156
Latvia,2008-06-01,0.4965559070037733
Latvia,2009-07-01,0.29331064357470615
Latvia,2010-01-01,0.3530569823976759
Latvia,2010-07-01,0.160497453668748
Latvia,2011-07-01,0.21239897561285104
Latvia,2012-01-01,0.055628433735742
Latvia,2012-07-01,0.003913273936709594
Latvia,2013-01-01,0.1169198568542642
Latvia,2013-07-01,0.02254385154161409
Latvia,2014-01-01,0.07302437222400404
Latvia,2014-07-01,0.03306412303209805
Latvia,2015-01-01,-0.10984718122301673
Latvia,2015-07-01,-0.1536732780219916
Latvia,2016-01-01,-0.1888438132657504
Latvia,2016-07-01,-0.16554980195433533
Latvia,2017-01-01,-0.19727707471366795
Latvia,2017-07-01,-0.1575425471966433
Latvia,2018-01-01,-0.08413115580973485
Latvia,2018-07-01,-0.14063847549909247
Latvia,2019-01-01,-0.16811693548387097
Latvia,2019-07-09,-0.20344041811846691
Latvia,2020-01-14,-0.1918768959435626
Latvia,2020-07-01,-0.16179711033274957
Lithuania,2000-04-01,-0.05147410340543823
Lithuania,2001-04-01,-0.10960629892767326
Lithuania,2002-04-01,-0.0456626509268836
Lithuania,2003-04-01,0.1000000001100001
Lithuania,2004-05-01,0.13379310390179322
Lithuania,2005-06-01,0.1709581693563038
Lithuania,2006-01-01,0.11549999986056192
Lithuania,2006-05-01,0.21513435388643853
Lithuania,2007-01-01,0.1829847818818695
Lithuania,2007-06-01,0.22196186180123156
Lithuania,2008-06-01,0.4965559070037733
Lithuania,2009-07-01,0.29331064357470615
Lithuania,2010-01-01,0.3530569823976759
Lithuania,2010-07-01,0.160497453668748
Lithuania,2011-07-01,0.21239897561285104
Lithuania,2012-01-01,0.055628433735742
Lithuania,2012-07-01,0.003913273936709594
Lithuania,2013-01-01,0.1169198568542642
Lithuania,2013-07-01,0.02254385154161409
Lithuania,2014-01-01,0.07302437222400404
Lithuania,2014-07-01,0.03306412303209805
Lithuania,2015-01-01,-0.10984718122301673
Lithuania,2015-07-01,-0.1536732780219916
Lithuania,2016-01-01,-0.1888438132657504
Lithuania,2016-07-01,-0.16554980195433533
Lithuania,2017-01-01,-0.19727707471366795
Lithuania,2017-07-01,-0.1575425471966433
Lithuania,2018-01-01,-0.08413115580973485
Lithuania,2018-07-01,-0.14063847549909247
Lithuania,2019-01-01,-0.16811693548387097
Lithuania,2019-07-09,-0.20344041811846691
Lithuania,2020-01-14,-0.1918768959435626
Lithuania,2020-07-01,-0.16179711033274957
Luxembourg,2000-04-01,-0.05147410340543823
Luxembourg,2001-04-01,-0.10960629892767326
Luxembourg,2002-04-01,-0.0456626509268836
Luxembourg,2003-04-01,0.1000000001100001
Luxembourg,2004-05-01,0.13379310390179322
Luxembourg,2005-06-01,0.1709581693563038
Luxembourg,2006-01-01,0.11549999986056192
Luxembourg,2006-05-01,0.21513435388643853
Luxembourg,2007-01-01,0.1829847818818695
Luxembourg,2007-06-01,0.22196186180123156
Luxembourg,2008-06-01,0.4965559070037733
Luxembourg,2009-07-01,0.29331064357470615
Luxembourg,2010-01-01,0.3530569823976759
Luxembourg,2010-07-01,0.160497453668748
Luxembourg,2011-07-01,0.21239897561285104
Luxembourg,2012-01-01,0.055628433735742
Luxembourg,2012-07-01,0.003913273936709594
Luxembourg,2013-01-01,0.1169198568542642
Luxembourg,2013-07-01,0.02254385154161409
Luxembourg,2014-01-01,0.07302437222400404
Luxembourg,2014-07-01,0.03306412303209805
Luxembourg,2015-01-01,-0.10984718122301673
Luxembourg,2015-07-01,-0.1536732780219916
Luxembourg,2016-01-01,-0.1888438132657504
Luxembourg,2016-07-01,-0.16554980195433533
Luxembourg,2017-01-01,-0.19727707471366795
Luxembourg,2017-07-01,-0.1575425471966433
Luxembourg,2018-01-01,-0.08413115580973485
Luxembourg,2018-07-01,-0.14063847549909247
Luxembourg,2019-01-01,-0.16811693548387097
Luxembourg,2019-07-09,-0.20344041811846691
Luxembourg,2020-01-14,-0.1918768959435626
Luxembourg,2020-07-01,-0.16179711033274957
Malta,2000-04-01,-0.05147410340543823
Malta,2001-04-01,-0.10960629892767326
Malta,2002-04-01,-0.0456626509268836
Malta,2003-04-01,0.1000000001100001
Malta,2004-05-01,0.13379310390179322
Malta,2005-06-01,0.1709581693563038
Malta,2006-01-01,0.11549999986056192
Malta,2006-05-01,0.21513435388643853
Malta,2007-01-01,0.1829847818818695
Malta,2007-06-01,0.22196186180123156
Malta,2008-06-01,0.4965559070037733
Malta,2009-07-01,0.29331064357470615
Malta,2010-01-01,0.3530569823976759
Malta,2010-07-01,0.160497453668748
Malta,2011-07-01,0.21239897561285104
Malta,2012-01-01,0.055628433735742
Malta,2012-07-01,0.003913273936709594
Malta,2013-01-01,0.1169198568542642
Malta,2013-07-01,0.02254385154161409
Malta,2014-01-01,0.07302437222400404
Malta,2014-07-01,0.03306412303209805
Malta,2015-01-01,-0.10984718122301673
Malta,2015-07-01,-0.1536732780219916
Malta,2016-01-01,-0.1888438132657504
Malta,2016-07-01,-0.16554980195433533
Malta,2017-01-01,-0.19727707471366795
Malta,2017-07-01,-0.1575425471966433
Malta,2018-01-01,-0.08413115580973485
Malta,2018-07-01,-0.14063847549909247
Malta,2019-01-01,-0.16811693548387097
Malta,2019-07-09,-0.20344041811846691
Malta,2020-01-14,-0.1918768959435626
Malta,2020-07-01,-0.16179711033274957
Netherlands,2000-04-01,-0.05147410340543823
Netherlands,2001-04-01,-0.10960629892767326
Netherlands,2002-04-01,-0.0456626509268836
Netherlands,2003-04-01,0.1000000001100001
Netherlands,2004-05-01,0.13379310390179322
Netherlands,2005-06-01,0.1709581693563038
Netherlands,2006-01-01,0.11549999986056192
Netherlands,2006-05-01,0.21513435388643853
Netherlands,2007-01-01,0.1829847818818695
Netherlands,2007-06-01,0.22196186180123156
Netherlands,2008-06-01,0.4965559070037733
Netherlands,2009-07-01,0.29331064357470615
Netherlands,2010-01-01,0.3530569823976759
Netherlands,2010-07-01,0.160497453668748
Netherlands,2011-07-01,0.21239897561285104
Netherlands,2012-01-01,0.055628433735742
Netherlands,2012-07-01,0.003913273936709594
Netherlands,2013-01-01,0.1169198568542642
Netherlands,2013-07-01,0.02254385154161409
Netherlands,2014-01-01,0.07302437222400404
Netherlands,2014-07-01,0.03306412303209805
Netherlands,2015-01-01,-0.10984718122301673
Netherlands,2015-07-01,-0.1536732780219916
Netherlands,2016-01-01,-0.1888438132657504
Netherlands,2016-07-01,-0.16554980195433533
Netherlands,2017-01-01,-0.19727707471366795
Netherlands,2017-07-01,-0.1575425471966433
Netherlands,2018-01-01,-0.08413115580973485
Netherlands,2018-07-01,-0.14063847549909247
Netherlands,2019-01-01,-0.16811693548387097
Netherlands,2019-07-09,-0.20344041811846691
Netherlands,2020-01-14,-0.1918768959435626
Netherlands,2020-07-01,-0.16179711033274957
Portugal,2000-04-01,-0.05147410340543823
Portugal,2001-04-01,-0.10960629892767326
Portugal,2002-04-01,-0.0456626509268836
Portugal,2003-04-01,0.1000000001100001
Portugal,2004-05-01,0.13379310390179322
Portugal,2005-06-01,0.1709581693563038
Portugal,2006-01-01,0.11549999986056192
Portugal,2006-05-01,0.21513435388643853
Portugal,2007-01-01,0.1829847818818695
Portugal,2007-06-01,0.22196186180123156
Portugal,2008-06-01,0.4965559070037733
Portugal,2009-07-01,0.29331064357470615
Portugal,2010-01-01,0.3530569823976759
Portugal,2010-07-01,0.160497453668748
Portugal,2011-07-01,0.21239897561285104
Portugal,2012-01-01,0.055628433735742
Portugal,2012-07-01,0.003913273936709594
Portugal,2013-01-01,0.1169198568542642
Portugal,2013-07-01,0.02254385154161409
Portugal,2014-01-01,0.07302437222400404
Portugal,2014-07-01,0.03306412303209805
Portugal,2015-01-01,-0.10984718122301673
Portugal,2015-07-01,-0.1536732780219916
Portugal,2016-01-01,-0.1888438132657504
Portugal,2016-07-01,-0.16554980195433533
Portugal,2017-01-01,-0.19727707471366795
Portugal,2017-07-01,-0.1575425471966433
Portugal,2018-01-01,-0.08413115580973485
Portugal,2018-07-01,-0.14063847549909247
Portugal,2019-01-01,-0.16811693548387097
Portugal,2019-07-09,-0.20344041811846691
Portugal,2020-01-14,-0.1918768959435626
Portugal,2020-07-01,-0.16179711033274957
Slovakia,2000-04-01,-0.05147410340543823
Slovakia,2001-04-01,-0.10960629892767326
Slovakia,2002-04-01,-0.0456626509268836
Slovakia,2003-04-01,0.1000000001100001
Slovakia,2004-05-01,0.13379310390179322
Slovakia,2005-06-01,0.1709581693563038
Slovakia,2006-01-01,0.11549999986056192
Slovakia,2006-05-01,0.21513435388643853
Slovakia,2007-01-01,0.1829847818818695
Slovakia,2007-06-01,0.22196186180123156
Slovakia,2008-06-01,0.4965559070037733
Slovakia,2009-07-01,0.29331064357470615
Slovakia,2010-01-01,0.3530569823976759
Slovakia,2010-07-01,0.160497453668748
Slovakia,2011-07-01,0.21239897561285104
Slovakia,2012-01-01,0.055628433735742
Slovakia,2012-07-01,0.003913273936709594
Slovakia,2013-01-01,0.1169198568542642
Slovakia,2013-07-01,0.02254385154161409
Slovakia,2014-01-01,0.07302437222400404
Slovakia,2014-07-01,0.03306412303209805
Slovakia,2015-01-01,-0.10984718122301673
Slovakia,2015-07-01,-0.1536732780219916
Slovakia,2016-01-01,-0.1888438132657504
Slovakia,2016-07-01,-0.16554980195433533
Slovakia,2017-01-01,-0.19727707471366795
Slovakia,2017-07-01,-0.1575425471966433
Slovakia,2018-01-01,-0.08413115580973485
Slovakia,2018-07-01,-0.14063847549909247
Slovakia,2019-01-01,-0.16811693548387097
Slovakia,2019-07-09,-0.20344041811846691
Slovakia,2020-01-14,-0.1918768959435626
Slovakia,2020-07-01,-0.16179711033274957
Slovenia,2000-04-01,-0.05147410340543823
Slovenia,2001-04-01,-0.10960629892767326
Slovenia,2002-04-01,-0.0456626509268836
Slovenia,2003-04-01,0.1000000001100001
Slovenia,2004-05-01,0.13379310390179322
Slovenia,2005-06-01,0.1709581693563038
Slovenia,2006-01-01,0.11549999986056192
Slovenia,2006-05-01,0.21513435388643853
Slovenia,2007-01-01,0.1829847818818695
Slovenia,2007-06-01,0.22196186180123156
Slovenia,2008-06-01,0.4965559070037733
Slovenia,2009-07-01,0.29331064357470615
Slovenia,2010-01-01,0.3530569823976759
Slovenia,2010-07-01,0.160497453668748
Slovenia,2011-07-01,0.21239897561285104
Slovenia,2012-01-01,0.055628433735742
Slovenia,2012-07-01,0.003913273936709594
Slovenia,2013-01-01,0.1169198568542642
Slovenia,2013-07-01,0.02254385154161409
Slovenia,2014-01-01,0.07302437222400404
Slovenia,2014-07-01,0.03306412303209805
Slovenia,2015-01-01,-0.10984718122301673
Slovenia,2015-07-01,-0.1536732780219916
Slovenia,2016-01-01,-0.1888438132657504
Slovenia,2016-07-01,-0.16554980195433533
Slovenia,2017-01-01,-0.19727707471366795
Slovenia,2017-07-01,-0.1575425471966433
Slovenia,2018-01-01,-0.08413115580973485
Slovenia,2018-07-01,-0.14063847549909247
Slovenia,2019-01-01,-0.16811693548387097
Slovenia,2019-07-09,-0.20344041811846691
Slovenia,2020-01-14,-0.1918768959435626
Slovenia,2020-07-01,-0.16179711033274957
Spain,2000-04-01,-0.05147410340543823
Spain,2001-04-01,-0.10960629892767326
Spain,2002-04-01,-0.0456626509268836
Spain,2003-04-01,0.1000000001100001
Spain,2004-05-01,0.13379310390179322
Spain,2005-06-01,0.1709581693563038
Spain,2006-01-01,0.11549999986056192
Spain,2006-05-01,0.21513435388643853
Spain,2007-01-01,0.1829847818818695
Spain,2007-06-01,0.22196186180123156
Spain,2008-06-01,0.4965559070037733
Spain,2009-07-01,0.29331064357470615
Spain,2010-01-01,0.3530569823976759
Spain,2010-07-01,0.160497453668748
Spain,2011-07-01,0.21239897561285104
Spain,2012-01-01,0.055628433735742
Spain,2012-07-01,0.003913273936709594
Spain,2013-01-01,0.1169198568542642
Spain,2013-07-01,0.02254385154161409
Spain,2014-01-01,0.07302437222400404
Spain,2014-07-01,0.03306412303209805
Spain,2015-01-01,-0.10984718122301673
Spain,2015-07-01,-0.1536732780219916
Spain,2016-01-01,-0.1888438132657504
Spain,2016-07-01,-0.16554980195433533
Spain,2017-01-01,-0.19727707471366795
Spain,2017-07-01,-0.1575425471966433
Spain,2018-01-01,-0.08413115580973485
Spain,2018-07-01,-0.14063847549909247
Spain,2019-01-01,-0.16811693548387097
Spain,2019-07-09,-0.20344041811846691
Spain,2020-01-14,-0.1918768959435626
Spain,2020-07-01,-0.16179711033274957
Argentina,2000-04-01,-0.003984063745019806
Australia,2000-04-01,-0.38579017264276083
Brazil,2000-04-01,-0.34340848894923104
Canada,2000-04-01,-0.2275794780063426
Switzerland,2000-04-01,0.3827044762127969
Chile,2000-04-01,-0.023361805695505944
China,2000-04-01,-0.5236445522258805
Czech Republic,2000-04-01,-0.4460011615940318
Denmark,2000-04-01,0.22643753344829487
Britain,2000-04-01,0.1960159370204304
Hong Kong,2000-04-01,-0.47833825161484855
Hungary,2000-04-01,-0.5159148352825258
Indonesia,2000-04-01,-0.2728895619535696
Israel,2000-04-01,0.42639319266145437
Japan,2000-04-01,0.10501390663760168
South Korea,2000-04-01,0.0787176204927571
Mexico,2000-04-01,-0.11512293017092023
Malaysia,2000-04-01,-0.5261061019081553
New Zealand,2000-04-01,-0.3260787694991195
Poland,2000-04-01,-0.49041045121838245
Russia,2000-04-01,-0.4478227441112749
Singapore,2000-04-01,-0.25005858917272106
Sweden,2000-04-01,0.08164626561626709
Thailand,2000-04-01,-0.42335919479974893
Taiwan,2000-04-01,-0.08861286878629082
United States,2000-04-01,0
South Africa,2000-04-01,-0.4664200341491195
Argentina,2001-04-01,-0.015748031496062964
Australia,2001-04-01,-0.4034836554521575
Brazil,2001-04-01,-0.3528206234494645
Canada,2001-04-01,-0.15960024227740943
Switzerland,2001-04-01,0.4337080697282796
Chile,2001-04-01,-0.17460400644594887
China,2001-04-01,-0.5292707976720316
Czech Republic,2001-04-01,-0.43468604885927564
Denmark,2001-04-01,0.15178421846205503
Britain,2001-04-01,0.12035433119041339
Hong Kong,2001-04-01,-0.4599232788209173
Hungary,2001-04-01,-0.4815623294612913
Indonesia,2001-04-01,-0.46684462691818107
Japan,2001-04-01,-0.06654813309626773
South Korea,2001-04-01,-0.10860199078888588
Mexico,2001-04-01,-0.0719001890102795
Malaysia,2001-04-01,-0.5317032739328622
New Zealand,2001-04-01,-0.4261850871879882
Philippines,2001-04-01,-0.5382038477794646
Poland,2001-04-01,-0.4236142318438465
Russia,2001-04-01,-0.5231997384410001
Singapore,2001-04-01,-0.2822029842954724
Sweden,2001-04-01,-0.0808541928367913
Thailand,2001-04-01,-0.5240979492947992
Taiwan,2001-04-01,-0.16233875020941346
United States,2001-04-01,0
South Africa,2001-04-01,-0.5302708932601142
Argentina,2002-04-01,-0.6792280944865723
Australia,2002-04-01,-0.3522477004793374
Brazil,2002-04-01,-0.3821439604572129
Canada,2002-04-01,-0.14818509707620486
Switzerland,2002-04-01,0.5241689650166945
Chile,2002-04-01,-0.14160458628406836
China,2002-04-01,-0.490716489144984
Czech Republic,2002-04-01,-0.3352232459248756
Denmark,2002-04-01,0.18612876326307615
Britain,2002-04-01,0.15883534206076289
Hong Kong,2002-04-01,-0.43775100401606437
Hungary,2002-04-01,-0.32228915662650603
Indonesia,2002-04-01,-0.3185893095180281
Israel,2002-04-01,0.006112131197020032
Japan,2002-04-01,-0.19060858819894777
South Korea,2002-04-01,-0.04526079779239767
Mexico,2002-04-01,-0.05224345658495988
Malaysia,2002-04-01,-0.46734305643627316
Norway,2002-04-01,0.6420823480839235
New Zealand,2002-04-01,-0.3545611015490522
Peru,2002-04-01,-0.004765417354550272
Philippines,2002-04-01,-0.48814867312386745
Poland,2002-04-01,-0.41349556642411256
Russia,2002-04-01,-0.49799196787148603
Singapore,2002-04-01,-0.2718125248245743
Sweden,2002-04-01,0.00401606425702794
Thailand,2002-04-01,-0.4898763645807229
Turkey,2002-04-01,0.21285443775858615
Taiwan,2002-04-01,-0.19217098278170275
United States,2002-04-01,0
South Africa,2002-04-01,-0.6426071257507093
Argentina,2003-04-01,-0.4746822468224686
Australia,2003-04-01,-0.3124154844032915
Brazil,2003-04-01,-0.45310528023846863
Canada,2003-04-01,-0.18564702888408113
Switzerland,2003-04-01,0.696878282651439
Chile,2003-04-01,-0.2784844049557823
China,2003-04-01,-0.5587999358254465
Czech Republic,2003-04-01,-0.2776976212668709
Denmark,2003-04-01,0.5103027136466052
Egypt,2003-04-01,-0.5013463648150001
Britain,2003-04-01,0.1602214029565645
Hong Kong,2003-04-01,-0.45595609802252024
Hungary,2003-04-01,-0.19280442804428044
Indonesia,2003-04-01,-0.32025636045834316
Japan,2003-04-01,-0.19434194341943545
South Korea,2003-04-01,-0.0018752646542842255
Mexico,2003-04-01,-0.1940090341074353
Malaysia,2003-04-01,-0.5105845795300075
New Zealand,2003-04-01,-0.18114349682822506
Peru,2003-04-01,-0.1574771239041881
Philippines,2003-04-01,-0.5431382885257416
Poland,2003-04-01,-0.4023847693489778
Russia,2003-04-01,-0.5135321128130885
Singapore,2003-04-01,-0.3158920353248488
Sweden,2003-04-01,0.32735140301043186
Thailand,2003-04-01,-0.4901354165766494
Turkey,2003-04-01,-0.13541778341869748
Taiwan,2003-04-01,-0.2577511982016383
United States,2003-04-01,0
South Africa,2003-04-01,-0.31910033386047965
Argentina,2004-05-01,-0.49035651665692415
Australia,2004-05-01,-0.2163009404388725
Brazil,2004-05-01,-0.4144437215354586
Canada,2004-05-01,-0.19708029197080335
Switzerland,2004-05-01,0.684041700080193
Chile,2004-05-01,-0.24686642638119305
China,2004-05-01,-0.5668832250541379
Colombia,2004-05-01,-0.1907881312770724
Costa Rica,2004-05-01,-0.1012451334014689
Czech Republic,2004-05-01,-0.26584255042289995
Denmark,2004-05-01,0.5384188934471692
Egypt,2004-05-01,-0.4429279705865966
Britain,2004-05-01,0.1604137928481586
Hong Kong,2004-05-01,-0.46881501482891375
Hungary,2004-05-01,-0.133845399575093
Indonesia,2004-05-01,-0.3912583182093172
Japan,2004-05-01,-0.20048825144949656
South Korea,2004-05-01,-0.06249084463715515
Sri Lanka,2004-05-01,-0.5123650296064104
Mexico,2004-05-01,-0.28656361474435177
Malaysia,2004-05-01,-0.5426497277676966
Norway,2004-05-01,0.7872975004518588
New Zealand,2004-05-01,-0.085365853658538
Pakistan,2004-05-01,-0.3432992644951759
Peru,2004-05-01,-0.11174785100286544
Philippines,2004-05-01,-0.5743630867929173
Poland,2004-05-01,-0.43865276663993447
Russia,2004-05-01,-0.5005945303210448
Saudi Arabia,2004-05-01,-0.7793221143148228
Singapore,2004-05-01,-0.3345432546884448
Sweden,2004-05-01,0.35937287597988266
Thailand,2004-05-01,-0.5013522650439483
Turkey,2004-05-01,-0.1103403229802482
Taiwan,2004-05-01,-0.22568655791864478
Ukraine,2004-05-01,-0.5310888117790482
Uruguay,2004-05-01,-0.6544186289233069
United States,2004-05-01,0
South Africa,2004-05-01,-0.35797866832349645
UAE,2005-06-01,-0.1991350658711406
Argentina,2005-06-01,-0.46417411746656867
Australia,2005-06-01,-0.1839481342543431
Brazil,2005-06-01,-0.21774400553253914
Canada,2005-06-01,-0.14207185462093797
Switzerland,2005-06-01,0.6503595426146407
Chile,2005-06-01,-0.17259502332454568
China,2005-06-01,-0.5854027658136862
Colombia,2005-06-01,-0.08743265603988881
Costa Rica,2005-06-01,-0.22305692036264702
Czech Republic,2005-06-01,-0.24868653974662747
Denmark,2005-06-01,0.4953134451795458
Egypt,2005-06-01,-0.4929006085192712
Britain,2005-06-01,0.12431372637840532
Hong Kong,2005-06-01,-0.4959876839550458
Hungary,2005-06-01,-0.14947916511205883
Indonesia,2005-06-01,-0.5001318145557516
Japan,2005-06-01,-0.23441553291263062
South Korea,2005-06-01,-0.18747542113149018
Sri Lanka,2005-06-01,-0.42778985958617
Mexico,2005-06-01,-0.1580099565322648
Malaysia,2005-06-01,-0.5485036119711046
Norway,2005-06-01,0.9813291731517093
New Zealand,2005-06-01,0.037045115890375735
Pakistan,2005-06-01,-0.28742602934050654
Peru,2005-06-01,-0.09730581431449992
Philippines,2005-06-01,-0.520737106330464
Poland,2005-06-01,-0.3581753062195
Russia,2005-06-01,-0.5168016688289805
Saudi Arabia,2005-06-01,-0.2157071889847647
Singapore,2005-06-01,-0.2915815088605458
Sweden,2005-06-01,0.36161917075459815
Thailand,2005-06-01,-0.5162140849431307
Turkey,2005-06-01,-0.04515007853640529
Taiwan,2005-06-01,-0.21379939305313067
Ukraine,2005-06-01,-0.5317626391795196
Uruguay,2005-06-01,-0.4039757526499379
United States,2005-06-01,0
South Africa,2005-06-01,-0.3142770179278954
Argentina,2006-01-01,-0.5078214935908
Australia,2006-01-01,-0.22471743932519372
Brazil,2006-01-01,-0.12966881792882223
Canada,2006-01-01,-0.045232127938895195
Switzerland,2006-01-01,0.5654351909830919
Chile,2006-01-01,-0.05262918175400322
China,2006-01-01,-0.5866453375660856
Czech Republic,2006-01-01,-0.1743035266894729
Denmark,2006-01-01,0.42620469969139996
Egypt,2006-01-01,-0.488413251479454
Britain,2006-01-01,0.052740316854253955
Hong Kong,2006-01-01,-0.5085246401171681
Hungary,2006-01-01,-0.14098756364745402
Indonesia,2006-01-01,-0.5100506728413714
Japan,2006-01-01,-0.3056727232835016
South Korea,2006-01-01,-0.18803949700670797
Mexico,2006-01-01,-0.15685189576581582
Malaysia,2006-01-01,-0.5342424919889714
New Zealand,2006-01-01,-0.02350285981999678
Peru,2006-01-01,-0.12481920607283492
Philippines,2006-01-01,-0.5049116388028507
Poland,2006-01-01,-0.33758400581295556
Russia,2006-01-01,-0.4906461596381365
Singapore,2006-01-01,-0.3011330380620413
Sweden,2006-01-01,0.3584448029915428
Thailand,2006-01-01,-0.520874882464619
Turkey,2006-01-01,-0.026122482912606215
Taiwan,2006-01-01,-0.254776324840019
United States,2006-01-01,0
South Africa,2006-01-01,-0.2716524795534063
UAE,2006-05-01,-0.20949033206676126
Argentina,2006-05-01,-0.2612254159564742
Australia,2006-05-01,-0.2132356518996259
Brazil,2006-05-01,-0.10413706702874514
Canada,2006-05-01,0.01341770803493536
Switzerland,2006-05-01,0.6811499065360709
Chile,2006-05-01,-0.050427764031300115
China,2006-05-01,-0.5779844537511162
Colombia,2006-05-01,-0.16249632786851298
Costa Rica,2006-05-01,-0.2846102249457678
Czech Republic,2006-05-01,-0.13838613083281948
Denmark,2006-05-01,0.5385404379711776
Egypt,2006-05-01,-0.4689570456123968
Britain,2006-05-01,0.1767664522982515
Hong Kong,2006-05-01,-0.5007328825228645
Hungary,2006-05-01,-0.12454536546510331
Indonesia,2006-05-01,-0.4949407593185161
Japan,2006-05-01,-0.2806283279931968
South Korea,2006-05-01,-0.15324274159678075
Sri Lanka,2006-05-01,-0.40468823679621935
Mexico,2006-05-01,-0.17236521753524203
Malaysia,2006-05-01,-0.5111741153362452
Norway,2006-05-01,1.2730720780583513
New Zealand,2006-05-01,-0.11445094665193867
Pakistan,2006-05-01,-0.30171536306772584
Peru,2006-05-01,-0.06025264365769356
Philippines,2006-05-01,-0.47896712895563553
Poland,2006-05-01,-0.32343571832651286
Russia,2006-05-01,-0.4278741501919743
Saudi Arabia,2006-05-01,-0.22559994493155167
Singapore,2006-05-01,-0.26838636516055814
Sweden,2006-05-01,0.4613340961792549
Thailand,2006-05-01,-0.49655771336513554
Turkey,2006-05-01,-0.12109068460757744
Taiwan,2006-05-01,-0.24726833679422588
Ukraine,2006-05-01,-0.45704247844139356
Uruguay,2006-05-01,-0.4299389894495581
United States,2006-05-01,0
South Africa,2006-05-01,-0.31787175989085803
UAE,2007-01-01,-0.15438924410177957
Argentina,2007-01-01,-0.170502047351764
Australia,2007-01-01,-0.15426776220941307
Brazil,2007-01-01,-0.06839576294747829
Canada,2007-01-01,-0.04044840401192862
Switzerland,2007-01-01,0.5670979087949004
Chile,2007-01-01,-0.039834230542124205
China,2007-01-01,-0.5605843525046645
Colombia,2007-01-01,-0.04307898904484786
Costa Rica,2007-01-01,-0.31127071345710566
Czech Republic,2007-01-01,-0.24747633388900314
Denmark,2007-01-01,0.4979901830090556
Egypt,2007-01-01,-0.5047401111474348
Britain,2007-01-01,0.19059968931580107
Hong Kong,2007-01-01,-0.5221219505755436
Hungary,2007-01-01,-0.05757470069443171
Indonesia,2007-01-01,-0.4567779759342392
Japan,2007-01-01,-0.2848088025732578
South Korea,2007-01-01,-0.04204529275921742
Sri Lanka,2007-01-01,-0.42687376834418644
Mexico,2007-01-01,-0.17293779454109326
Malaysia,2007-01-01,-0.5122574145741026
Norway,2007-01-01,1.112023131895183
New Zealand,2007-01-01,4.281832624377646e-4
Pakistan,2007-01-01,-0.2760259617090124
Peru,2007-01-01,-0.07499277033822993
Philippines,2007-01-01,-0.46182435213149076
Poland,2007-01-01,-0.2789241548390188
Russia,2007-01-01,-0.4264838297115777
Saudi Arabia,2007-01-01,-0.2544595743129846
Singapore,2007-01-01,-0.27305021466221435
Sweden,2007-01-01,0.41138124605116455
Thailand,2007-01-01,-0.4545422553797982
Turkey,2007-01-01,0.0023362144074254854
Taiwan,2007-01-01,-0.29258703844016154
Ukraine,2007-01-01,-0.4465285037820559
Uruguay,2007-01-01,-0.2860712500892423
United States,2007-01-01,0
South Africa,2007-01-01,-0.3229488243224752
UAE,2007-06-01,-0.20155973708480068
Argentina,2007-06-01,-0.21741716360676844
Australia,2007-06-01,-0.1352733288217156
Brazil,2007-06-01,0.05774198147265386
Canada,2007-06-01,0.08009863972989728
Switzerland,2007-06-01,0.5253528165276569
Chile,2007-06-01,-0.12872466725215537
China,2007-06-01,-0.5758141081682522
Colombia,2007-06-01,0.03448896245254818
Costa Rica,2007-06-01,-0.36104449434517305
Czech Republic,2007-06-01,-0.26536060326809674
Denmark,2007-06-01,0.4903631507469295
Egypt,2007-06-01,-0.5083425229217918
Britain,2007-06-01,0.17512126202318457
Hong Kong,2007-06-01,-0.5497359004065338
Hungary,2007-06-01,-0.02362525190590614
Indonesia,2007-06-01,-0.48277797024509383
Japan,2007-06-01,-0.32868873850184754
South Korea,2007-06-01,-0.07811394829490914
Sri Lanka,2007-06-01,-0.44718511927639304
Mexico,2007-06-01,-0.2101825552721407
Malaysia,2007-06-01,-0.5303819403678973
Norway,2007-06-01,1.0176138699654924
New Zealand,2007-06-01,0.05413269284841937
Pakistan,2007-06-01,-0.31993177944221707
Peru,2007-06-01,-0.12032720124228458
Philippines,2007-06-01,-0.45690536048785346
Poland,2007-06-01,-0.26469087684387393
Russia,2007-06-01,-0.40544610793445757
Saudi Arabia,2007-06-01,-0.2962721306287831
Singapore,2007-06-01,-0.2397980172200176
Sweden,2007-06-01,0.4248995980120762
Thailand,2007-06-01,-0.4723024762206305
Turkey,2007-06-01,0.0730774800345455
Taiwan,2007-06-01,-0.32884347515720824
Ukraine,2007-06-01,-0.4604455553108915
Uruguay,2007-06-01,-0.2406841435866276
United States,2007-06-01,0
South Africa,2007-06-01,-0.347947992331868
UAE,2008-06-01,-0.23734417463842294
Argentina,2008-06-01,0.020444607715582652
Australia,2008-06-01,-0.05810277327305036
Brazil,2008-06-01,0.3257858993654259
Canada,2008-06-01,0.1416055635547031
Switzerland,2008-06-01,0.7812730923216022
Chile,2008-06-01,-0.12226085218278138
China,2008-06-01,-0.487649903391266
Colombia,2008-06-01,0.09014222540543693
Costa Rica,2008-06-01,-0.08496664245894947
Czech Republic,2008-06-01,0.2767187030972411
Denmark,2008-06-01,0.667191832093776
Egypt,2008-06-01,-0.31454934915142574
Britain,2008-06-01,0.2802511211863081
Hong Kong,2008-06-01,-0.5222137897147227
Hungary,2008-06-01,0.30096999973666105
Indonesia,2008-06-01,-0.4276556776556779
Japan,2008-06-01,-0.2660018478403473
South Korea,2008-06-01,-0.1195338702250699
Sri Lanka,2008-06-01,-0.4530587688352885
Mexico,2008-06-01,-0.11849481888443136
Malaysia,2008-06-01,-0.524207459388944
Norway,2008-06-01,1.2059757622273586
New Zealand,2008-06-01,0.04162481566960796
Pakistan,2008-06-01,-0.4468873586105798
Peru,2008-06-01,-0.06300548388369465
Philippines,2008-06-01,-0.45218055751017927
Poland,2008-06-01,-0.03478583586822681
Russia,2008-06-01,-0.2886762858851961
Saudi Arabia,2008-06-01,-0.25294490054025764
Singapore,2008-06-01,-0.18207904118956852
Sweden,2008-06-01,0.7856946078296274
Thailand,2008-06-01,-0.47940807018250986
Turkey,2008-06-01,0.2094546475056165
Taiwan,2008-06-01,-0.30808058093554336
Ukraine,2008-06-01,-0.3301668493484341
Uruguay,2008-06-01,-0.10773708961391315
United States,2008-06-01,0
South Africa,2008-06-01,-0.37224088061827176
UAE,2009-07-01,-0.2373753203976946
Argentina,2009-07-01,-0.1547947483355434
Australia,2009-07-01,-0.05533741976081785
Brazil,2009-07-01,0.12628297025084034
Canada,2009-07-01,-0.06134655266250144
Switzerland,2009-07-01,0.6764682024920843
Chile,2009-07-01,-0.10637849160263857
China,2009-07-01,-0.4875524228746918
Colombia,2009-07-01,-0.06433273824895513
Costa Rica,2009-07-01,-0.038357468397182015
Czech Republic,2009-07-01,0.019487131778100908
Denmark,2009-07-01,0.5481602477056386
Egypt,2009-07-01,-0.34796426292438365
Britain,2009-07-01,0.03312997215864155
Hong Kong,2009-07-01,-0.5193225990480056
Hungary,2009-07-01,0.012668213525801164
Indonesia,2009-07-01,-0.4260449277750308
Israel,2009-07-01,0.05722606083384596
Japan,2009-07-01,-0.03164420308176186
South Korea,2009-07-01,-0.275480447028563
Sri Lanka,2009-07-01,-0.4878675830422716
Mexico,2009-07-01,-0.3306712709992773
Malaysia,2009-07-01,-0.4735262233710812
Norway,2009-07-01,0.721316863343255
New Zealand,2009-07-01,-0.13803559543577582
Pakistan,2009-07-01,-0.35567447317910084
Peru,2009-07-01,-0.25461365097006716
Philippines,2009-07-01,-0.42460811957313727
Poland,2009-07-01,-0.3252986163960868
Russia,2009-07-01,-0.4277483769983109
Saudi Arabia,2009-07-01,-0.17842563646619047
Singapore,2009-07-01,-0.19284887051440613
Sweden,2009-07-01,0.3812318324850532
Thailand,2009-07-01,-0.4712593071766975
Turkey,2009-07-01,0.02102064657352387
Taiwan,2009-07-01,-0.366749457842549
Ukraine,2009-07-01,-0.48804587108994957
Uruguay,2009-07-01,-0.2625448971129243
United States,2009-07-01,0
South Africa,2009-07-01,-0.39278893732482356
UAE,2010-01-01,-0.16345611262618442
Argentina,2010-01-01,-0.4852422633750615
Australia,2010-01-01,0.11113693830431282
Brazil,2010-01-01,0.3291375809760866
Canada,2010-01-01,0.10999034416166764
Switzerland,2010-01-01,0.7607937333080139
Chile,2010-01-01,-0.11165300277941625
China,2010-01-01,-0.4885721654951005
Colombia,2010-01-01,0.09300572308460064
Costa Rica,2010-01-01,-0.017069711238094976
Czech Republic,2010-01-01,0.037550953929469166
Denmark,2010-01-01,0.6742622653374524
Egypt,2010-01-01,-0.3355379842266928
Britain,2010-01-01,0.02551061454154757
Hong Kong,2010-01-01,-0.46702100646672906
Hungary,2010-01-01,0.07750579389830725
Indonesia,2010-01-01,-0.3736063490541145
Israel,2010-01-01,0.11507332168368722
Japan,2010-01-01,-0.023536433686527913
South Korea,2010-01-01,-0.1672769220595698
Sri Lanka,2010-01-01,-0.48929812051980726
Mexico,2010-01-01,-0.3024253254485586
Malaysia,2010-01-01,-0.4186645777072291
Norway,2010-01-01,0.9617393153500364
New Zealand,2010-01-01,0.008744580313877037
Pakistan,2010-01-01,-0.32365712121417034
Peru,2010-01-01,-0.21606712084691349
Philippines,2010-01-01,-0.38245771124910066
Poland,2010-01-01,-0.20209834344780453
Russia,2010-01-01,-0.34664107241960884
Saudi Arabia,2010-01-01,-0.2551607675896006
Singapore,2010-01-01,-0.10929973144886596
Sweden,2010-01-01,0.5382237964167904
Thailand,2010-01-01,-0.4098967066335196
Turkey,2010-01-01,0.0703009667375083
Taiwan,2010-01-01,-0.34208304403262846
Ukraine,2010-01-01,-0.4894759105561788
Uruguay,2010-01-01,-0.07171429053655032
United States,2010-01-01,0
South Africa,2010-01-01,-0.3135784132456816
UAE,2010-07-01,-0.1977814036261627
Argentina,2010-07-01,-0.04671115339438936
Australia,2010-07-01,0.02774575909751742
Brazil,2010-07-01,0.31442334403449324
Canada,2010-07-01,0.07158275609345655
Switzerland,2010-07-01,0.6568220285738975
Chile,2010-07-01,-0.10484101968518489
China,2010-07-01,-0.4782696681329258
Colombia,2010-07-01,0.17553510750872725
Costa Rica,2010-07-01,0.0260465333539881
Czech Republic,2010-07-01,-0.08252865439472135
Denmark,2010-07-01,0.3131042584452397
Egypt,2010-07-01,-0.38899054966594915
Britain,2010-07-01,-0.06690678565635333
Hong Kong,2010-07-01,-0.490071555318918
Hungary,2010-07-01,-0.1070187648509553
Indonesia,2010-07-01,-0.3267366528930248
Israel,2010-07-01,0.03344763689577035
Japan,2010-07-01,-0.016812506057135912
South Korea,2010-07-01,-0.24387539059687013
Sri Lanka,2010-07-01,-0.5012192418087142
Mexico,2010-07-01,-0.3294141314196628
Malaysia,2010-07-01,-0.4123563537228997
Norway,2010-07-01,0.9297292663034034
New Zealand,2010-07-01,-0.038392856941606435
Pakistan,2010-07-01,-0.3422975737501043
Peru,2010-07-01,-0.052671466379985765
Philippines,2010-07-01,-0.4120630821203368
Poland,2010-07-01,-0.30457183962188683
Russia,2010-07-01,-0.3753013510530189
Saudi Arabia,2010-07-01,-0.2857999896517518
Singapore,2010-07-01,-0.1754943135010335
Sweden,2010-07-01,0.7582149324875056
Thailand,2010-07-01,-0.419594489965204
Turkey,2010-07-01,0.0421434644231351
Taiwan,2010-07-01,-0.3742727658476137
Ukraine,2010-07-01,-0.5083012315767386
Uruguay,2010-07-01,0.002877454388798828
United States,2010-07-01,0
South Africa,2010-07-01,-0.3442626834531225
UAE,2011-07-01,-0.1963002081934072
Argentina,2011-07-01,0.1905745191753183
Australia,2011-07-01,0.21616826603005412
Brazil,2011-07-01,0.5159726065345756
Canada,2011-07-01,0.23020736471571457
Switzerland,2011-07-01,0.9835216649009519
Chile,2011-07-01,-0.01652176975578612
China,2011-07-01,-0.4408167510689841
Colombia,2011-07-01,0.16713960135930117
Costa Rica,2011-07-01,8.536585971441468e-8
Czech Republic,2011-07-01,0.001820626892725663
Denmark,2011-07-01,0.3486847253895127
Egypt,2011-07-01,-0.41862216341049696
Britain,2011-07-01,-0.042647724539663145
Hong Kong,2011-07-01,-0.5232632836608413
Hungary,2011-07-01,-0.00590480251915626
Indonesia,2011-07-01,-0.34959293274734815
India,2011-07-01,-0.534589940494
Israel,2011-07-01,0.14929087939563823
Japan,2011-07-01,0.0045401289845214965
South Korea,2011-07-01,-0.1382227777967996
Sri Lanka,2011-07-01,-0.37080896271397057
Mexico,2011-07-01,-0.32548647509481443
Malaysia,2011-07-01,-0.40423218561146135
Norway,2011-07-01,1.0447004924422583
New Zealand,2011-07-01,0.0852398525504574
Pakistan,2011-07-01,-0.41557143291625087
Peru,2011-07-01,-0.10136087662246496
Philippines,2011-07-01,-0.3155319433411268
Poland,2011-07-01,-0.24091775242695213
Russia,2011-07-01,-0.3351883793587972
Saudi Arabia,2011-07-01,-0.3440284250850604
Singapore,2011-07-01,-0.10122128436395583
Sweden,2011-07-01,0.8794227593747082
Thailand,2011-07-01,-0.42117068229505783
Turkey,2011-07-01,-0.07187741813860771
Taiwan,2011-07-01,-0.36012400284923995
Ukraine,2011-07-01,-0.4922391055284083
Uruguay,2011-07-01,0.2000120001200023
United States,2011-07-01,0
South Africa,2011-07-01,-0.2931224879442633
UAE,2012-01-01,-0.22160760517288103
Argentina,2012-01-01,0.1046850068389984
Australia,2012-01-01,0.17614992781947336
Brazil,2012-01-01,0.3529599020567902
Canada,2012-01-01,0.10381154881287391
Switzerland,2012-01-01,0.6214470762485647
Chile,2012-01-01,-0.03484137013634747
China,2012-01-01,-0.41903328979652954
Colombia,2012-01-01,0.08054136346408591
Costa Rica,2012-01-01,-0.04145204568335936
Czech Republic,2012-01-01,-0.17850067069571285
Denmark,2012-01-01,0.28041621363252833
Egypt,2012-01-01,-0.38828548083899095
Britain,2012-01-01,-0.08906490444338389
Hong Kong,2012-01-01,-0.4938848524882994
Hungary,2012-01-01,-0.37453503466910476
Indonesia,2012-01-01,-0.41388736637053325
India,2012-01-01,-0.6144254529737017
Israel,2012-01-01,-0.01566279648823976
Japan,2012-01-01,-0.00882812750909645
South Korea,2012-01-01,-0.23923549191369753
Sri Lanka,2012-01-01,-0.3935455782805213
Mexico,2012-01-01,-0.3558096272068917
Malaysia,2012-01-01,-0.4422260831815058
Norway,2012-01-01,0.6173066595225127
New Zealand,2012-01-01,-0.035643830915689456
Pakistan,2012-01-01,-0.31209590115491204
Peru,2012-01-01,-0.11512371829154766
Philippines,2012-01-01,-0.36112153654584456
Poland,2012-01-01,-0.3841407366856491
Russia,2012-01-01,-0.39254286223334967
Saudi Arabia,2012-01-01,-0.3646927127886481
Singapore,2012-01-01,-0.10618289493927646
Sweden,2012-01-01,0.40880476691713574
Thailand,2012-01-01,-0.41468569353385576
Turkey,2012-01-01,-0.1559250670119936
Taiwan,2012-01-01,-0.4039603591203963
Ukraine,2012-01-01,-0.49626267515079747
Uruguay,2012-01-01,0.10245575817481112
United States,2012-01-01,0
South Africa,2012-01-01,-0.41538594287396413
UAE,2012-07-01,-0.2450309411092756
Argentina,2012-07-01,-0.038483283288603065
Australia,2012-07-01,0.08149185420749161
Brazil,2012-07-01,0.14060643345310475
Canada,2012-07-01,0.16055827953355295
Switzerland,2012-07-01,0.5162749370366839
Chile,2012-07-01,-0.03921586891998596
China,2012-07-01,-0.4339192766175598
Colombia,2012-07-01,0.10131233931074535
Czech Republic,2012-07-01,-0.2278659479551126
Denmark,2012-07-01,0.07337319276437926
Egypt,2012-07-01,-0.3905407060957319
Britain,2012-07-01,-0.03815794331602529
Hong Kong,2012-07-01,-0.5085394125310225
Hungary,2012-07-01,-0.1948593966728226
Indonesia,2012-07-01,-0.4102669897404436
India,2012-07-01,-0.633826284412164
Israel,2012-07-01,-0.32539574981606934
Japan,2012-07-01,-0.05464464165935756
South Korea,2012-07-01,-0.2571701898381883
Sri Lanka,2012-07-01,-0.48844818994447825
Mexico,2012-07-01,-0.3753217567792466
Malaysia,2012-07-01,-0.46116457444698555
Norway,2012-07-01,0.6310524236322403
New Zealand,2012-07-01,-0.07463431527210862
Pakistan,2012-07-01,-0.303864641242521
Philippines,2012-07-01,-0.35385129270810156
Poland,2012-07-01,-0.3923069245365476
Russia,2012-07-01,-0.4710547750946713
Saudi Arabia,2012-07-01,-0.3838269437920393
Singapore,2012-07-01,-0.19209112294054997
Sweden,2012-07-01,0.3237854077461446
Thailand,2012-07-01,-0.402252850688959
Turkey,2012-07-01,0.04352316948723045
Taiwan,2012-07-01,-0.42603955787023673
Ukraine,2012-07-01,-0.5713061027684299
Uruguay,2012-07-01,0.04604251211864141
United States,2012-07-01,0
South Africa,2012-07-01,-0.455610690095108
UAE,2013-01-01,-0.25194789329419587
Argentina,2013-01-01,-0.1258075786165087
Australia,2013-01-01,0.1220542368420765
Brazil,2013-01-01,0.2922496004852466
Canada,2013-01-01,0.2351425363777051
Switzerland,2013-01-01,0.631372459578573
Chile,2013-01-01,-0.005008440099223743
China,2013-01-01,-0.4110490663974973
Colombia,2013-01-01,0.11051466054804937
Costa Rica,2013-01-01,0.005795735608664421
Czech Republic,2013-01-01,-0.1477395893330422
Denmark,2013-01-01,0.18692019343980992
Egypt,2013-01-01,-0.4520419717487192
Britain,2013-01-01,-0.027296205686323294
Hong Kong,2013-01-01,-0.49833359711921266
Hungary,2013-01-01,-0.12610856957364547
Indonesia,2013-01-01,-0.3450549224914393
India,2013-01-01,-0.6183485994979516
Israel,2013-01-01,-0.08401174685571255
Japan,2013-01-01,-0.19540759075803005
South Korea,2013-01-01,-0.2195243768102848
Sri Lanka,2013-01-01,-0.36623732918972396
Mexico,2013-01-01,-0.3349347036661927
Malaysia,2013-01-01,-0.40956642110608754
Norway,2013-01-01,0.7956419117080566
New Zealand,2013-01-01,-0.009803515236829208
Pakistan,2013-01-01,-0.32011338994234695
Peru,2013-01-01,-0.10541356041682837
Philippines,2013-01-01,-0.334522435789781
Poland,2013-01-01,-0.3261249893845585
Russia,2013-01-01,-0.44459012100115036
Saudi Arabia,2013-01-01,-0.3283922480602527
Singapore,2013-01-01,-0.1655972009143577
Sweden,2013-01-01,0.4626785846105286
Thailand,2013-01-01,-0.33052133317478716
Turkey,2013-01-01,0.09387500965969808
Taiwan,2013-01-01,-0.41791387225108667
Ukraine,2013-01-01,-0.4658130421150608
Uruguay,2013-01-01,0.24698064923173413
United States,2013-01-01,0
South Africa,2013-01-01,-0.47104449612949706
UAE,2013-07-01,-0.2830100671885991
Argentina,2013-07-01,-0.1485206391448537
Australia,2013-07-01,0.013869257681880853
Brazil,2013-07-01,0.1598018290869465
Canada,2013-07-01,0.15444131972937014
Switzerland,2013-07-01,0.4745517323845536
Chile,2013-07-01,-0.13625303853605097
China,2013-07-01,-0.4275706790528836
Colombia,2013-07-01,-0.017519755350513422
Costa Rica,2013-07-01,-0.053820348938855234
Czech Republic,2013-07-01,-0.23395845953160432
Denmark,2013-07-01,0.07826294782240661
Egypt,2013-07-01,-0.4755522853594636
Britain,2013-07-01,-0.11776068052607014
Hong Kong,2013-07-01,-0.5190195037518706
Hungary,2013-07-01,-0.17389125982803866
Indonesia,2013-07-01,-0.384700878870719
India,2013-07-01,-0.6707022311750239
Israel,2013-07-01,0.05336790151366144
Japan,2013-07-01,-0.29846886816408646
South Korea,2013-07-01,-0.24637773395677487
Sri Lanka,2013-07-01,-0.37920713010319695
Mexico,2013-07-01,-0.37254643225291473
Malaysia,2013-07-01,-0.49629043207360424
Norway,2013-07-01,0.647345630074966
New Zealand,2013-07-01,-0.05653072400783765
Pakistan,2013-07-01,-0.3418543451751196
Peru,2013-07-01,-0.211431302187005
Philippines,2013-07-01,-0.4179596406638515
Poland,2013-07-01,-0.4000832710941965
Russia,2013-07-01,-0.4203539229203772
Saudi Arabia,2013-07-01,-0.41480809396470386
Singapore,2013-07-01,-0.19082470979338373
Sweden,2013-07-01,0.35117932031759924
Thailand,2013-07-01,-0.37548132676192747
Turkey,2013-07-01,-0.047026139563447256
Taiwan,2013-07-01,-0.422640664052245
Ukraine,2013-07-01,-0.48869224973319736
Uruguay,2013-07-01,0.09286982229748197
United States,2013-07-01,0
South Africa,2013-07-01,-0.5085401434690571
UAE,2014-01-01,-0.2934761303627813
Argentina,2014-01-01,-0.3438528007136513
Australia,2014-01-01,-0.03257325677818823
Brazil,2014-01-01,0.13478946514748102
Canada,2014-01-01,0.08411338637554566
Switzerland,2014-01-01,0.5445949971296244
Chile,2014-01-01,-0.2019367797836492
China,2014-01-01,-0.40676614839309166
Colombia,2014-01-01,-0.06203386762429808
Costa Rica,2014-01-01,-0.07365986738729291
Czech Republic,2014-01-01,-0.24889924430516197
Denmark,2014-01-01,0.12030985954422135
Egypt,2014-01-01,-0.4740410550220854
Britain,2014-01-01,5.68714986407759e-4
Hong Kong,2014-01-01,-0.49823813817407325
Hungary,2014-01-01,-0.16637420465941644
Indonesia,2014-01-01,-0.502310254967008
India,2014-01-01,-0.6678107817233094
Israel,2014-01-01,0.08493368190390327
Japan,2014-01-01,-0.35690818609603536
South Korea,2014-01-01,-0.2503099690217697
Sri Lanka,2014-01-01,-0.4213355245845273
Mexico,2014-01-01,-0.3998656165734261
Malaysia,2014-01-01,-0.5184930524669387
Norway,2014-01-01,0.6858031640874094
New Zealand,2014-01-01,-0.011308344083848731
Pakistan,2014-01-01,-0.3435312056974805
Peru,2014-01-01,-0.22944884696908785
Philippines,2014-01-01,-0.35453350766643976
Poland,2014-01-01,-0.35160094312907253
Russia,2014-01-01,-0.43290699948486955
Saudi Arabia,2014-01-01,-0.3657191254054555
Singapore,2014-01-01,-0.22213407901522764
Sweden,2014-01-01,0.359706768836455
Thailand,2014-01-01,-0.3685019806716344
Turkey,2014-01-01,-0.1872083131772162
Taiwan,2014-01-01,-0.4335678755096999
Ukraine,2014-01-01,-0.5096254396867914
Uruguay,2014-01-01,0.062057718208754276
United States,2014-01-01,0
South Africa,2014-01-01,-0.5328037990001562
UAE,2014-07-01,-0.2618784237396705
Argentina,2014-07-01,-0.46386386609999997
Australia,2014-07-01,0.00399270075728686
Brazil,2014-07-01,0.22110458537687383
Canada,2014-07-01,0.09513079895665477
Switzerland,2014-07-01,0.4236165035978665
Chile,2014-07-01,-0.22367461201197913
China,2014-07-01,-0.4313755880825547
Colombia,2014-07-01,-0.02928859241681958
Costa Rica,2014-07-01,-0.16548718954910535
Czech Republic,2014-07-01,-0.279350397344146
Denmark,2014-07-01,0.07310091448530343
Egypt,2014-07-01,-0.5061906966254328
Britain,2014-07-01,0.027140353741174073
Hong Kong,2014-07-01,-0.4941260466083066
Hungary,2014-07-01,-0.21441672411318669
Indonesia,2014-07-01,-0.49355111052500733
India,2014-07-01,-0.6355755408628383
Israel,2014-07-01,0.0690828509275141
Japan,2014-07-01,-0.2399910154613556
South Korea,2014-07-01,-0.16477914392408544
Sri Lanka,2014-07-01,-0.43961689969730966
Mexico,2014-07-01,-0.32270711595228774
Malaysia,2014-07-01,-0.4976350825848739
Norway,2014-07-01,0.6178991690520439
New Zealand,2014-07-01,0.031230448528106525
Pakistan,2014-07-01,-0.3659792049632846
Peru,2014-07-01,-0.2519706832350177
Philippines,2014-07-01,-0.22767985737177687
Poland,2014-07-01,-0.3753124710784943
Russia,2014-07-01,-0.46720820263502816
Saudi Arabia,2014-07-01,-0.3883087422094348
Singapore,2014-07-01,-0.20824903431650876
Sweden,2014-07-01,0.24166301082840058
Thailand,2014-07-01,-0.3503301832003253
Turkey,2014-07-01,-0.07754079856295715
Taiwan,2014-07-01,-0.45048711534880503
Ukraine,2014-07-01,-0.6608933763998748
Uruguay,2014-07-01,0.02595623888074461
United States,2014-07-01,0
Vietnam,2014-07-01,-0.41059658922069664
South Africa,2014-07-01,-0.5140530647111241
UAE,2015-01-01,-0.26110794192729025
Argentina,2015-01-01,-0.32107880577762005
Australia,2015-01-01,-0.09839144072635497
Brazil,2015-01-01,0.08702019381570136
Canada,2015-01-01,-0.03139544733769317
Switzerland,2015-01-01,0.574878125633359
Chile,2015-01-01,-0.3013165873780208
China,2015-01-01,-0.4219086861076764
Colombia,2015-01-01,-0.3026286433438268
Costa Rica,2015-01-01,-0.1627305591779895
Czech Republic,2015-01-01,-0.390561800591
Denmark,2015-01-01,0.1223400784128581
Egypt,2015-01-01,-0.5191261604898121
Britain,2015-01-01,-0.08805114876762421
Hong Kong,2015-01-01,-0.4936567921975429
Hungary,2015-01-01,-0.3384486257420417
Indonesia,2015-01-01,-0.5326300786895783
India,2015-01-01,-0.6061135914190021
Israel,2015-01-01,-0.07135094584365542
Japan,2015-01-01,-0.344081358021048
South Korea,2015-01-01,-0.2098680922958851
Sri Lanka,2015-01-01,-0.44592308225073907
Mexico,2015-01-01,-0.30065663346807514
Malaysia,2015-01-01,-0.5594241795285846
Norway,2015-01-01,0.31464438527023164
New Zealand,2015-01-01,-0.0620970770245074
Pakistan,2015-01-01,-0.37826495094044255
Peru,2015-01-01,-0.30595655843290603
Philippines,2015-01-01,-0.23374853507292692
Poland,2015-01-01,-0.48182483719443214
Russia,2015-01-01,-0.7151428736124447
Saudi Arabia,2015-01-01,-0.38873780524975365
Singapore,2015-01-01,-0.263990656752881
Sweden,2015-01-01,0.03728503207510858
Thailand,2015-01-01,-0.36610769958243217
Turkey,2015-01-01,-0.17242431943419212
Taiwan,2015-01-01,-0.4763060645017244
Ukraine,2015-01-01,-0.7492986299302067
Uruguay,2015-01-01,-0.03415295000032159
United States,2015-01-01,0
Vietnam,2015-01-01,-0.41412085905505436
South Africa,2015-01-01,-0.5362220786935659
UAE,2015-07-01,-0.26108782479914816
Argentina,2015-07-01,-0.36009726521568686
Australia,2015-07-01,-0.18115553236112947
Brazil,2015-07-01,-0.10594584753734237
Canada,2015-07-01,-0.05303996025681634
Switzerland,2015-07-01,0.42421676842147793
Chile,2015-07-01,-0.31759146833356366
China,2015-07-01,-0.42841903259719627
Colombia,2015-07-01,-0.39116641032717336
Costa Rica,2015-07-01,-0.15835031965071822
Czech Republic,2015-07-01,-0.40840293067891653
Denmark,2015-07-01,0.06023217613389775
Egypt,2015-07-01,-0.548604828309927
Britain,2015-07-01,-0.05794446702650946
Hong Kong,2015-07-01,-0.4828468376568956
Hungary,2015-07-01,-0.3357858393233967
Indonesia,2015-07-01,-0.5228422083769979
India,2015-07-01,-0.6173843439268769
Israel,2015-07-01,-0.03305816655175153
Japan,2015-07-01,-0.37673571733044475
South Korea,2015-07-01,-0.21495098464316287
Sri Lanka,2015-07-01,-0.45409866620706885
Mexico,2015-07-01,-0.3500757576234864
Malaysia,2015-07-01,-0.5804341930227578
Norway,2015-07-01,0.1794020659714195
New Zealand,2015-07-01,-0.18379227557790812
Pakistan,2015-07-01,-0.2815251373826576
Peru,2015-07-01,-0.3442177878957683
Philippines,2015-07-01,-0.247349127842714
Poland,2015-07-01,-0.46889565260110644
Russia,2015-07-01,-0.6068255813974843
Saudi Arabia,2015-07-01,-0.33203951242335494
Singapore,2015-07-01,-0.2819007201771837
Sweden,2015-07-01,0.0704620367681168
Thailand,2015-07-01,-0.33855598503482887
Turkey,2015-07-01,-0.1911876860416284
Taiwan,2015-07-01,-0.4683206605207223
Ukraine,2015-07-01,-0.6766231851665157
Uruguay,2015-07-01,-0.1372896618671734
United States,2015-07-01,0
Vietnam,2015-07-01,-0.4256718920952359
South Africa,2015-07-01,-0.5627731212321085
UAE,2016-01-01,-0.2821004503825659
Argentina,2016-01-01,-0.5152733155279513
Australia,2016-01-01,-0.24063793083484575
Brazil,2016-01-01,-0.31963409014213384
Canada,2016-01-01,-0.15939243648950696
Switzerland,2016-01-01,0.30695719453796544
Chile,2016-01-01,-0.40442595744802223
China,2016-01-01,-0.4556464096818722
Colombia,2016-01-01,-0.507534319715077
Costa Rica,2016-01-01,-0.18523030981143818
Czech Republic,2016-01-01,-0.39497054014755173
Denmark,2016-01-01,-0.12323424857448884
Egypt,2016-01-01,-0.5614233524552839
Britain,2016-01-01,-0.14363965470180107
Hong Kong,2016-01-01,-0.49763319166807307
Hungary,2016-01-01,-0.3762594865158174
Indonesia,2016-01-01,-0.5564357357185943
India,2016-01-01,-0.6143759726474138
Israel,2016-01-01,-0.13018310186124538
Japan,2016-01-01,-0.36743470066881745
South Korea,2016-01-01,-0.27179214915729
Sri Lanka,2016-01-01,-0.5071578284810669
Mexico,2016-01-01,-0.4299884971097079
Malaysia,2016-01-01,-0.6305707335826207
Norway,2016-01-01,0.05774605232730834
New Zealand,2016-01-01,-0.20643204884938127
Pakistan,2016-01-01,-0.4198224057044604
Peru,2016-01-01,-0.4065542522168174
Philippines,2016-01-01,-0.4349086476986491
Poland,2016-01-01,-0.5189214459357161
Russia,2016-01-01,-0.6902587602769898
Saudi Arabia,2016-01-01,-0.3516562131136287
Singapore,2016-01-01,-0.33668682832925967
Sweden,2016-01-01,0.06114255034127991
Thailand,2016-01-01,-0.3727760149548113
Turkey,2016-01-01,-0.3091748055984198
Taiwan,2016-01-01,-0.5788350449161744
Ukraine,2016-01-01,-0.6872706108213062
Uruguay,2016-01-01,-0.2406528906765273
United States,2016-01-01,0
Vietnam,2016-01-01,-0.45831154353899994
South Africa,2016-01-01,-0.640849691908359
UAE,2016-07-01,-0.2977688929337401
Argentina,2016-07-01,-0.335745904209246
Australia,2016-07-01,-0.14588541658778975
Brazil,2016-07-01,-0.051228053680658636
Canada,2016-07-01,-0.08635749004129556
Switzerland,2016-07-01,0.3078618189661686
Chile,2016-07-01,-0.29913194749169636
China,2016-07-01,-0.4473680457507957
Colombia,2016-07-01,-0.39710719840456943
Costa Rica,2016-07-01,-0.18294886174971825
Czech Republic,2016-07-01,-0.39376603306972413
Denmark,2016-07-01,-0.11909888749236708
Egypt,2016-07-01,-0.4860903424577778
Britain,2016-07-01,-0.2182099209144881
Hong Kong,2016-07-01,-0.5087908025989881
Hungary,2016-07-01,-0.3748368011469385
Indonesia,2016-07-01,-0.5309213612359465
India,2016-07-01,-0.5216836734693868
Israel,2016-07-01,-0.13102051100107537
Japan,2016-07-01,-0.3121321301222917
South Korea,2016-07-01,-0.23483424075036308
Sri Lanka,2016-07-01,-0.2807200399539662
Mexico,2016-07-01,-0.5289906269134763
Malaysia,2016-07-01,-0.6058352154701786
Norway,2016-07-01,0.09326657118805359
New Zealand,2016-07-01,-0.16244047607225398
Pakistan,2016-07-01,-0.2901663622900019
Peru,2016-07-01,-0.39981336596427974
Philippines,2016-07-01,-0.4399047248458253
Poland,2016-07-01,-0.5196848171770317
Russia,2016-07-01,-0.5932085249524583
Saudi Arabia,2016-07-01,-0.36516400987804765
Singapore,2016-07-01,-0.2035433406870396
Sweden,2016-07-01,0.03744296487625398
Thailand,2016-07-01,-0.32472154694376987
Turkey,2016-07-01,-0.29907937499005754
Taiwan,2016-07-01,-0.5725599865597997
Ukraine,2016-07-01,-0.6879800307219663
Uruguay,2016-07-01,-0.19095766932664093
United States,2016-07-01,0
Vietnam,2016-07-01,-0.46615417467435316
South Africa,2016-07-01,-0.5829840825024286
UAE,2017-01-01,-0.30052546679164027
Argentina,2017-01-01,-0.3145473613500672
Australia,2017-01-01,-0.15510276658998212
Brazil,2017-01-01,0.011451655645215553
Canada,2017-01-01,-0.10873440285204927
Switzerland,2017-01-01,0.2549677415368836
Chile,2017-01-01,-0.2803416691015098
China,2017-01-01,-0.4407764579214526
Colombia,2017-01-01,-0.34665551141447226
Costa Rica,2017-01-01,-0.1978351674624269
Czech Republic,2017-01-01,-0.42576019110088337
Denmark,2017-01-01,-0.16509716529615026
Egypt,2017-01-01,-0.7105590663766284
Britain,2017-01-01,-0.2631632407103003
Hong Kong,2017-01-01,-0.5107670365123478
Hungary,2017-01-01,-0.3962823194021896
Indonesia,2017-01-01,-0.5403644524391383
India,2017-01-01,-0.5082969822595
Israel,2017-01-01,-0.13361324290101184
Japan,2017-01-01,-0.3562866821304683
South Korea,2017-01-01,-0.27321223837911857
Sri Lanka,2017-01-01,-0.27565205801737347
Mexico,2017-01-01,-0.5588349027856699
Malaysia,2017-01-01,-0.6464211857353932
Norway,2017-01-01,0.11972740076467403
New Zealand,2017-01-01,-0.1728656126271283
Pakistan,2017-01-01,-0.2926683661488063
Peru,2017-01-01,-0.35927582791173907
Philippines,2017-01-01,-0.4702290641895158
Poland,2017-01-01,-0.5452624662150138
Russia,2017-01-01,-0.574904660107664
Saudi Arabia,2017-01-01,-0.367698531727492
Singapore,2017-01-01,-0.23077715545512834
Sweden,2017-01-01,0.03963110596195252
Thailand,2017-01-01,-0.33888661172055135
Turkey,2017-01-01,-0.4568078624308063
Taiwan,2017-01-01,-0.5725947771081759
Ukraine,2017-01-01,-0.6952305762101344
Uruguay,2017-01-01,-0.1399980047953716
United States,2017-01-01,0
Vietnam,2017-01-01,-0.4746718274906324
South Africa,2017-01-01,-0.6271936192318242
UAE,2017-07-01,-0.28083053799012636
Argentina,2017-07-01,-0.22159733786289615
Australia,2017-07-01,-0.14566886782059807
Brazil,2017-07-01,-0.0374400806450208
Canada,2017-07-01,-0.12156664248645088
Switzerland,2017-07-01,0.2720169002122321
Chile,2017-07-01,-0.2746989538456811
China,2017-07-01,-0.44959866569373585
Colombia,2017-07-01,-0.3879991454242604
Costa Rica,2017-07-01,-0.24527642739567546
Czech Republic,2017-07-01,-0.380867978516615
Denmark,2017-07-01,-0.13085084053242257
Egypt,2017-07-01,-0.6690596631518981
Britain,2017-07-01,-0.2242582072439716
Hong Kong,2017-07-01,-0.5362425258357604
Hungary,2017-07-01,-0.3945382021705358
Indonesia,2017-07-01,-0.5466165949390585
India,2017-07-01,-0.4797675613154566
Israel,2017-07-01,-0.09937035862646038
Japan,2017-07-01,-0.3658401449889698
South Korea,2017-07-01,-0.27472268444914716
Sri Lanka,2017-07-01,-0.28811863871100374
Mexico,2017-07-01,-0.48033202541388487
Malaysia,2017-07-01,-0.6220702202319868
Norway,2017-07-01,0.11587928099115663
New Zealand,2017-07-01,-0.1637245285609642
Pakistan,2017-07-01,-0.3271068285199038
Peru,2017-07-01,-0.3907021142636641
Philippines,2017-07-01,-0.5001034300925415
Poland,2017-07-01,-0.48615100648263776
Russia,2017-07-01,-0.5701631343854829
Saudi Arabia,2017-07-01,-0.39625056507173584
Singapore,2017-07-01,-0.23306686972134338
Sweden,2017-07-01,0.09790956628536618
Thailand,2017-07-01,-0.3403308157807283
Turkey,2017-07-01,-0.43280941631340375
Taiwan,2017-07-01,-0.5728367508972755
Ukraine,2017-07-01,-0.679649361664949
Uruguay,2017-07-01,-0.14550420181876034
United States,2017-07-01,0
Vietnam,2017-07-01,-0.5020013321464358
South Africa,2017-07-01,-0.5734455645447942
UAE,2018-01-01,-0.27810641124008906
Argentina,2018-01-01,-0.24992499249925004
Australia,2018-01-01,-0.10868655309398689
Brazil,2018-01-01,-0.031878310976176105
Canada,2018-01-01,-0.004309894028170502
Switzerland,2018-01-01,0.2812203840980454
Chile,2018-01-01,-0.18733157446880877
China,2018-01-01,-0.39931026684757953
Colombia,2018-01-01,-0.274153713839803
Costa Rica,2018-01-01,-0.2371341508590209
Czech Republic,2018-01-01,-0.27882965189563647
Denmark,2018-01-01,-0.06590524243868945
Egypt,2018-01-01,-0.6339453860640303
Britain,2018-01-01,-0.16419583356903023
Hong Kong,2018-01-01,-0.5034434380898125
Hungary,2018-01-01,-0.35101543460161744
Indonesia,2018-01-01,-0.4931631609152387
India,2018-01-01,-0.4661722235172481
Israel,2018-01-01,-0.09060485689757947
Japan,2018-01-01,-0.35001402601312315
South Korea,2018-01-01,-0.22063751850985802
Sri Lanka,2018-01-01,-0.2857705796587462
Mexico,2018-01-01,-0.5129043806944527
Malaysia,2018-01-01,-0.5689060560077254
Norway,2018-01-01,0.18218914794754548
New Zealand,2018-01-01,-0.1457973482211138
Pakistan,2018-01-01,-0.3572894685966497
Peru,2018-01-01,-0.38087286312691104
Philippines,2018-01-01,-0.49967889839747925
Poland,2018-01-01,-0.4383384605802576
Russia,2018-01-01,-0.5661078135304943
Saudi Arabia,2018-01-01,-0.39398787490940157
Singapore,2018-01-01,-0.16941904012336184
Sweden,2018-01-01,0.159680054901286
Thailand,2018-01-01,-0.29458908332147726
Turkey,2018-01-01,-0.46458085297300566
Taiwan,2018-01-01,-0.5578052374316704
Ukraine,2018-01-01,-0.690004696099072
Uruguay,2018-01-01,-0.07224802256292817
United States,2018-01-01,0
Vietnam,2018-01-01,-0.45795715559932015
South Africa,2018-01-01,-0.5364864859853902
United Arab Emirates,2018-07-01,-0.30826814975292927
Argentina,2018-07-01,-0.5090490443639655
Australia,2018-07-01,-0.18050499092559336
Azerbaijan,2018-07-01,-0.5787404713360889
Bahrain,2018-07-01,-0.42619985793664794
Brazil,2018-07-01,-0.20091950051227414
Canada,2018-07-01,-0.08035466779126132
Switzerland,2018-07-01,0.18769023028856813
Chile,2018-07-01,-0.2648353511050291
China,2018-07-01,-0.4381594432242304
Colombia,2018-07-01,-0.24855357772261155
Costa Rica,2018-07-01,-0.2680380671346533
Czech Republic,2018-07-01,-0.38310584778848267
Denmark,2018-07-01,-0.14380240945988743
Egypt,2018-07-01,-0.6820282079598367
Britain,2018-07-01,-0.23202631578947364
Guatemala,2018-07-01,-0.3939969972793611
Hong Kong,2018-07-01,-0.5375065695746497
Honduras,2018-07-01,-0.35703103133145375
Croatia,2018-07-01,-0.3962611748283176
Hungary,2018-07-01,-0.4419387868012631
Indonesia,2018-07-01,-0.6018886906055844
India,2018-07-01,-0.5438073495800326
Israel,2018-07-01,-0.15120100813354076
Jordan,2018-07-01,-0.5015815838740436
Japan,2018-07-01,-0.363771691918677
South Korea,2018-07-01,-0.26819272876295286
Kuwait,2018-07-01,-0.37004094733842285
Lebanon,2018-07-01,-0.21927642539105263
Sri Lanka,2018-07-01,-0.3390898606470979
Moldova,2018-07-01,-0.5313649075536624
Mexico,2018-07-01,-0.5332167041927096
Malaysia,2018-07-01,-0.6187506979230943
Nicaragua,2018-07-01,-0.40820063391249906
Norway,2018-07-01,-0.052104142609577075
New Zealand,2018-07-01,-0.2315825771324882
Oman,2018-07-01,-0.5050321729087603
Pakistan,2018-07-01,-0.4398051179105662
Peru,2018-07-01,-0.41750691294474407
Philippines,2018-07-01,-0.5249621691747477
Poland,2018-07-01,-0.5028327335617369
Qatar,2018-07-01,-0.4018515684698022
Romania,2018-07-01,-0.5797668231159764
Russia,2018-07-01,-0.6203215379195045
Saudi Arabia,2018-07-01,-0.41929969091258257
Singapore,2018-07-01,-0.22363714352814157
Sweden,2018-07-01,0.05750272680188395
Thailand,2018-07-01,-0.34889670820778584
Turkey,2018-07-01,-0.5854452727504991
Taiwan,2018-07-01,-0.5876965667821761
Ukraine,2018-07-01,-0.6536352470193756
Uruguay,2018-07-01,-0.18849094674703626
United States,2018-07-01,0
Vietnam,2018-07-01,-0.4879778982902758
South Africa,2018-07-01,-0.5789420440752868
United Arab Emirates,2019-01-01,-0.3169457894513692
Argentina,2019-01-01,-0.6411464366558871
Australia,2019-01-01,-0.2200636200716828
Azerbaijan,2019-01-01,-0.5827378103981737
Bahrain,2019-01-01,-0.4295656142152241
Brazil,2019-01-01,-0.18539145627955023
Canada,2019-01-01,-0.08873242545777427
Switzerland,2019-01-01,0.1866495716103762
Chile,2019-01-01,-0.3032028754916971
China,2019-01-01,-0.45318485287506804
Colombia,2019-01-01,-0.33178239465605563
Costa Rica,2019-01-01,-0.3238695741455986
Czech Republic,2019-01-01,-0.3172636308657474
Denmark,2019-01-01,-0.17483150265576353
Egypt,2019-01-01,-0.5997510451500843
Britain,2019-01-01,-0.2700731182795699
Guatemala,2019-01-01,-0.42027525609108607
Hong Kong,2019-01-01,-0.5424981790855645
Honduras,2019-01-01,-0.37413565372613267
Croatia,2019-01-01,-0.41911900102409316
Hungary,2019-01-01,-0.4564868573326756
Indonesia,2019-01-01,-0.5802712211054892
India,2019-01-01,-0.5422308735443656
Israel,2019-01-01,-0.17833920409972037
Jordan,2019-01-01,-0.5075220327065986
Japan,2019-01-01,-0.3554733205617885
South Korea,2019-01-01,-0.2790527329668997
Kuwait,2019-01-01,-0.3791750478035215
Lebanon,2019-01-01,-0.22702418581862904
Sri Lanka,2019-01-01,-0.4296542987201344
Moldova,2019-01-01,-0.584750114038
Mexico,2019-01-01,-0.5452133355515789
Malaysia,2019-01-01,-0.6061047239142312
Nicaragua,2019-01-01,-0.4295926428659713
Norway,2019-01-01,0.050120530734276025
New Zealand,2019-01-01,-0.24888888888888705
Oman,2019-01-01,-0.5111144634690753
Pakistan,2019-01-01,-0.4064136233751219
Peru,2019-01-01,-0.438040785394199
Philippines,2019-01-01,-0.5211221885810555
Poland,2019-01-01,-0.49800039213340863
Qatar,2019-01-01,-0.4093957749650251
Romania,2019-01-01,-0.5901924865890484
Russia,2019-01-01,-0.703925506507215
Saudi Arabia,2019-01-01,-0.4266991097640448
Singapore,2019-01-01,-0.23340473243049642
Sweden,2019-01-01,0.04634345720933153
Thailand,2019-01-01,-0.333713508566681
Turkey,2019-01-01,-0.6421363269511756
Taiwan,2019-01-01,-0.5985588612197044
Ukraine,2019-01-01,-0.6518913901137151
Uruguay,2019-01-01,-0.22824959290165958
United States,2019-01-01,0
Vietnam,2019-01-01,-0.4978772567906685
South Africa,2019-01-01,-0.5993830498968405
United Arab Emirates,2019-07-09,-0.3004134295768415
Argentina,2019-07-09,-0.49991213039391114
Australia,2019-07-09,-0.25782142857142853
Azerbaijan,2019-07-09,-0.5943688121989216
Bahrain,2019-07-09,-0.3530439283172666
Brazil,2019-07-09,-0.19922767110422657
Canada,2019-07-09,-0.10175354425893735
Switzerland,2019-07-09,0.13975560483586058
Chile,2019-07-09,-0.33319273129561333
China,2019-07-09,-0.4685912637820854
Colombia,2019-07-09,-0.3575547779029077
Costa Rica,2019-07-09,-0.3144342515353903
Czech Republic,2019-07-09,-0.3504904813157421
Denmark,2019-07-09,-0.21516062705735894
Egypt,2019-07-09,-0.5596104020023049
Britain,2019-07-09,-0.28548536585365847
Guatemala,2019-07-09,-0.4329053023535697
Hong Kong,2019-07-09,-0.5427400843187282
Honduras,2019-07-09,-0.3880515615799879
Croatia,2019-07-09,-0.41911268194777007
Hungary,2019-07-09,-0.4603366920522526
Indonesia,2019-07-09,-0.6054555631998537
India,2019-07-09,-0.5349454870723798
Israel,2019-07-09,-0.1696323004829129
Jordan,2019-07-09,-0.4348422226918224
Japan,2019-07-09,-0.37531144328524746
South Korea,2019-07-09,-0.3359263686963363
Kuwait,2019-07-09,-0.37064817516577697
Lebanon,2019-07-09,-0.2485705499769948
Sri Lanka,2019-07-09,-0.3653151681245418
Moldova,2019-07-09,-0.5794765300374826
Mexico,2019-07-09,-0.5389951763682284
Malaysia,2019-07-09,-0.6278064341122771
Nicaragua,2019-07-09,-0.4221185309072073
Norway,2019-07-09,-0.15436443087669172
New Zealand,2019-07-09,-0.2632752613240419
Oman,2019-07-09,-0.45246391239422645
Pakistan,2019-07-09,-0.46888730784508714
Peru,2019-07-09,-0.44345007524555047
Philippines,2019-07-09,-0.51792905035927
Poland,2019-07-09,-0.5058674805212282
Qatar,2019-07-09,-0.3780988913655976
Romania,2019-07-09,-0.6159914061354164
Russia,2019-07-09,-0.6452298388722613
Saudi Arabia,2019-07-09,-0.3961074666712875
Singapore,2019-07-09,-0.25772940448654014
Sweden,2019-07-09,-0.06227223902746859
Thailand,2019-07-09,-0.32749307218966206
Turkey,2019-07-09,-0.5740506413902213
Taiwan,2019-07-09,-0.5976018860846708
Ukraine,2019-07-09,-0.6128155341124791
Uruguay,2019-07-09,-0.187607768906906
United States,2019-07-09,0
Vietnam,2019-07-09,-0.5125460887673066
South Africa,2019-07-09,-0.6189984575582718
United Arab Emirates,2020-01-14,-0.2917765583370494
Argentina,2020-01-14,-0.49790345624233867
Australia,2020-01-14,-0.21496560846560664
Azerbaijan,2020-01-14,-0.589361019756933
Bahrain,2020-01-14,-0.34505681632118335
Brazil,2020-01-14,-0.1526352214281269
Canada,2020-01-14,-0.08614019567803699
Switzerland,2020-01-14,0.18397570846146394
Chile,2020-01-14,-0.3974577922607019
China,2020-01-14,-0.4492538670703756
Colombia,2020-01-14,-0.36161653713584474
Costa Rica,2020-01-14,-0.2728288910218202
Czech Republic,2020-01-14,-0.3375805409031287
Denmark,2020-01-14,-0.21257185724730854
Egypt,2020-01-14,-0.5335385763597355
Britain,2020-01-14,-0.2221833333333333
Guatemala,2020-01-14,-0.42784850371283956
Hong Kong,2020-01-14,-0.5350022465629259
Honduras,2020-01-14,-0.37764997712756443
Croatia,2020-01-14,-0.42058231214258024
Hungary,2020-01-14,-0.46868601684564903
Indonesia,2020-01-14,-0.5742424418357125
India,2020-01-14,-0.5321976308594427
Israel,2020-01-14,-0.1333324666657989
Jordan,2020-01-14,-0.4278649661818448
Japan,2020-01-14,-0.37492667409061375
South Korea,2020-01-14,-0.31351025547029276
Kuwait,2020-01-14,-0.36056846625952377
Lebanon,2020-01-14,-0.2428107795787232
Sri Lanka,2020-01-14,-0.43624817327398413
Moldova,2020-01-14,-0.544402529477157
Mexico,2020-01-14,-0.5314501659533227
Malaysia,2020-01-14,-0.5887875791340423
Nicaragua,2020-01-14,-0.3752558229788625
Norway,2020-01-14,0.053215177295709015
New Zealand,2020-01-14,-0.24258377425044264
Oman,2020-01-14,-0.47096817633111643
Pakistan,2020-01-14,-0.4078401396130741
Peru,2020-01-14,-0.3692855415017531
Philippines,2020-01-14,-0.5048617692614004
Poland,2020-01-14,-0.48900719765879896
Qatar,2020-01-14,-0.37029141460158554
Romania,2020-01-14,-0.6101891468944338
Russia,2020-01-14,-0.6124278873637918
Saudi Arabia,2020-01-14,-0.38888827777716584
Singapore,2020-01-14,-0.22758091237226097
Sweden,2020-01-14,-0.03977202733603169
Thailand,2020-01-14,-0.3301234597026297
Turkey,2020-01-14,-0.6103898148879223
Taiwan,2020-01-14,-0.5750836487673316
Ukraine,2020-01-14,-0.5809541453559788
Uruguay,2020-01-14,-0.15668051548021344
United States,2020-01-14,0
Vietnam,2020-01-14,-0.4977471677506191
South Africa,2020-01-14,-0.6200839320381623
United Arab Emirates,2020-07-01,-0.2966995492607005
Argentina,2020-07-01,-0.3854233906085096
Australia,2020-07-01,-0.19816987740805425
Azerbaijan,2020-07-01,-0.5928376535491664
Bahrain,2020-07-01,-0.3497311021988143
Brazil,2020-07-01,-0.31461858384819263
Canada,2020-07-01,-0.11090342550301224
Switzerland,2020-07-01,0.20940639078246237
Chile,2020-07-01,-0.3908088169084798
China,2020-07-01,-0.45736413754593863
Colombia,2020-07-01,-0.42381606705940456
Costa Rica,2020-07-01,-0.29264182700683017
Czech Republic,2020-07-01,-0.3342833583540561
Denmark,2020-07-01,-0.19779207778764274
Egypt,2020-07-01,-0.5388390822897741
Britain,2020-07-01,-0.2509049912434326
Guatemala,2020-07-01,-0.43087433864752545
Hong Kong,2020-07-01,-0.5368061148009773
Honduras,2020-07-01,-0.38290824802494927
Croatia,2020-07-01,-0.4186248087804151
Hungary,2020-07-01,-0.49380418985915586
Indonesia,2020-07-01,-0.5874980360660176
India,2020-07-01,-0.5574991692920264
Israel,2020-07-01,-0.13369426348138536
Jordan,2020-07-01,-0.431872917381972
Japan,2020-07-01,-0.3633071459385727
South Korea,2020-07-01,-0.3437769529945236
Kuwait,2020-07-01,-0.34567559847923635
Lebanon,2020-07-01,0.042448503043949204
Sri Lanka,2020-07-01,-0.3592180953040578
Moldova,2020-07-01,-0.5179400655909212
Mexico,2020-07-01,-0.6097090646474781
Malaysia,2020-07-01,-0.589834211316676
Nicaragua,2020-07-01,-0.3886359404056987
Norway,2020-07-01,-0.028195333223924646
New Zealand,2020-07-01,-0.23845709281961647
Oman,2020-07-01,-0.49962471853890367
Pakistan,2020-07-01,-0.42148803795038525
Peru,2020-07-01,-0.4040937159278686
Philippines,2020-07-01,-0.4968508176138774
Poland,2020-07-01,-0.5114823736511891
Qatar,2020-07-01,-0.37470268315078636
Romania,2020-07-01,-0.5930093894994903
Russia,2020-07-01,-0.6650459439110753
Saudi Arabia,2020-07-01,-0.3463593182817163
Singapore,2020-07-01,-0.2553509972490894
Sweden,2020-07-01,0.008043960835460773
Thailand,2020-07-01,-0.2857475670078984
Turkey,2020-07-01,-0.6428183445332382
Taiwan,2020-07-01,-0.5719295539925096
Ukraine,2020-07-01,-0.6191393452940788
Uruguay,2020-07-01,-0.2421333745013975
United States,2020-07-01,0
Vietnam,2020-07-01,-0.5013516392687093
South Africa,2020-07-01,-0.6743696623869913
